party_code,doc_type,original_party_name,doc_no,salesman_master,original_salesman,doc_date,due_date,od_days,age_days,days_0_30,days_31_60,days_61_90,days_91_120,days_121_150,days_151_180,days_181_210,days_above_210,unallocated,balance,original_division,party_name,division,salesman
AR-A0009,JV20,ABDULLA HASSAN TRADING(AR-A0009),Opb:OPB-8827,SAFEER,,2020-01-07,2020-04-06,1809.0,1899.0,,,,,,,,535.5,,-535.5,MCJ,party_1106399338,div_0556003793,man_0110721370
AR-A0009,JV10,ABDULLA HASSAN TRADING(AR-A0009),Opb:OPB-8814,SAFEER,,2018-05-12,2018-08-10,2414.0,2504.0,,,,,,,,577.5,,-577.5,HO+A1:U20,party_1106399338,div_1721846076,man_0110721370
AR-A0009,JV10,ABDULLA HASSAN TRADING(AR-A0009),Opb:OPB-8815,SAFEER,,2018-08-09,2018-11-07,2325.0,2415.0,,,,,,,,603.75,,-603.75,HO,party_1106399338,div_2006915470,man_0110721370
AR-A0011,SI30,ABU ABDELREHMAN ELECT. & SANIT. MATERIAL TRDG.(AR-A0011),2500331,ZAMEER ,ZAMEER ,2025-02-11,2025-06-11,-83.0,37.0,,13335.0,,,,,,,,-13335.0,Sharjah,party_1131571815,div_1742449716,man_1964161347
AR-A0011,SI30,ABU ABDELREHMAN ELECT. & SANIT. MATERIAL TRDG.(AR-A0011),3293,ZAMEER ,ZAMEER ,2024-12-11,2025-04-10,-21.0,99.0,,,,892.5,,,,,,-892.5,Sharjah,party_1131571815,div_1742449716,man_1964161347
AR-A0011,SI30,ABU ABDELREHMAN ELECT. & SANIT. MATERIAL TRDG.(AR-A0011),3139,ZAMEER ,ZAMEER ,2024-11-18,2025-03-18,2.0,122.0,,,,,2268.0,,,,,-2268.0,Sharjah,party_1131571815,div_1742449716,man_1964161347
AR-A0011,SI30,ABU ABDELREHMAN ELECT. & SANIT. MATERIAL TRDG.(AR-A0011),3135,ZAMEER ,ZAMEER ,2024-11-18,2025-03-18,2.0,122.0,,,,,945.0,,,,,-945.0,Sharjah,party_1131571815,div_1742449716,man_1964161347
AR-A0050,JV10,AL ADA AL MOMAYAZ GENERAL CONTRACTING LLC(AR-A0050),Opb:OPB-25493,SAFEER,,2018-10-31,2018-10-31,2332.0,2332.0,,,,,,,,1353.45,,-1353.45,HO,party_0342445938,div_2006915470,man_0110721370
AR-A0011,SI30,ABU ABDELREHMAN ELECT. & SANIT. MATERIAL TRDG.(AR-A0011),2500438,ZAMEER ,ZAMEER ,2025-02-26,2025-06-26,-98.0,22.0,446.25,,,,,,,,,-446.25,Sharjah,party_1131571815,div_1742449716,man_1964161347
AR-A0011,SI30,ABU ABDELREHMAN ELECT. & SANIT. MATERIAL TRDG.(AR-A0011),2954,ZAMEER ,ZAMEER ,2024-10-24,2025-02-21,27.0,147.0,,,,,551.25,,,,,-551.25,Sharjah,party_1131571815,div_1742449716,man_1964161347
AR-A0011,SI30,ABU ABDELREHMAN ELECT. & SANIT. MATERIAL TRDG.(AR-A0011),2500538,ZAMEER ,ZAMEER ,2025-03-08,2025-07-06,-108.0,12.0,1953.0,,,,,,,,,-1953.0,Sharjah,party_1131571815,div_1742449716,man_1964161347
AR-A0011,SI30,ABU ABDELREHMAN ELECT. & SANIT. MATERIAL TRDG.(AR-A0011),2835,ZAMEER ,ZAMEER ,2024-10-08,2025-02-05,43.0,163.0,,,,,,2152.5,,,,-2152.5,Sharjah,party_1131571815,div_1742449716,man_1964161347
AR-A0011,SI30,ABU ABDELREHMAN ELECT. & SANIT. MATERIAL TRDG.(AR-A0011),3117,ZAMEER ,ZAMEER ,2024-11-15,2025-03-15,5.0,125.0,,,,,976.5,,,,,-976.5,Sharjah,party_1131571815,div_1742449716,man_1964161347
AR-A0011,SI30,ABU ABDELREHMAN ELECT. & SANIT. MATERIAL TRDG.(AR-A0011),2500384,ZAMEER ,ZAMEER ,2025-02-19,2025-06-19,-91.0,29.0,446.25,,,,,,,,,-446.25,Sharjah,party_1131571815,div_1742449716,man_1964161347
AR-A0011,SI30,ABU ABDELREHMAN ELECT. & SANIT. MATERIAL TRDG.(AR-A0011),2889,ZAMEER ,ZAMEER ,2024-10-16,2025-02-13,35.0,155.0,,,,,,1732.5,,,,-1732.5,Sharjah,party_1131571815,div_1742449716,man_1964161347
AR-A0011,SI30,ABU ABDELREHMAN ELECT. & SANIT. MATERIAL TRDG.(AR-A0011),2500522,ZAMEER ,ZAMEER ,2025-03-07,2025-07-05,-107.0,13.0,1354.5,,,,,,,,,-1354.5,Sharjah,party_1131571815,div_1742449716,man_1964161347
AR-A0011,SI30,ABU ABDELREHMAN ELECT. & SANIT. MATERIAL TRDG.(AR-A0011),3266,ZAMEER ,ZAMEER ,2024-12-09,2025-04-08,-19.0,101.0,,,,1443.75,,,,,,-1443.75,Sharjah,party_1131571815,div_1742449716,man_1964161347
AR-A0015,OSI10,ABU DHABI GOLF CLUB(AR-A0015),2500143,NEVIN K,NEVIN K,2025-03-19,2025-06-17,-89.0,1.0,481.95,,,,,,,,,-481.95,HO,party_0651926396,div_2006915470,man_0832785071
AR-A0015,OSI10,ABU DHABI GOLF CLUB(AR-A0015),2500083,NEVIN K,NEVIN K,2025-02-20,2025-05-21,-62.0,28.0,409.5,,,,,,,,,-409.5,HO,party_0651926396,div_2006915470,man_0832785071
AR-A0016,SI40,ABU DHABI HARDWARE CO.W.L.L(AR-A0016),2163,ABDUL SATHAR,ABDUL SATHAR,2024-12-12,2025-04-11,-22.0,98.0,,,,682.5,,,,,,-682.5,Branch 2,party_0460767387,div_0097926054,man_0427457728
AR-A0019,OFSI10,ABU DHABI PORTS COMPANY(AR-A0019),2500015,FAROOK,FAROOK,2025-02-22,2025-03-24,-4.0,26.0,6720.0,,,,,,,,,-6720.0,HO,party_1146195561,div_2006915470,man_1091962667
AR-A0019,OFSI10,ABU DHABI PORTS COMPANY(AR-A0019),1132,FAROOK,FAROOK,2024-12-27,2025-02-25,23.0,83.0,,,28801.5,,,,,,,-28801.5,HO,party_1146195561,div_2006915470,man_1091962667
AR-A0019,OFSI10,ABU DHABI PORTS COMPANY(AR-A0019),1139,FAROOK,FAROOK,2025-01-25,2025-02-24,24.0,54.0,,19099.5,,,,,,,,-19099.5,HO,party_1146195561,div_2006915470,man_1091962667
AR-A0019,OFSI10,ABU DHABI PORTS COMPANY(AR-A0019),2500016,FAROOK,FAROOK,2025-02-28,2025-03-30,-10.0,20.0,110853.86,,,,,,,,,-110853.86,HO,party_1146195561,div_2006915470,man_1091962667
AR-A0019,OFSI10,ABU DHABI PORTS COMPANY(AR-A0019),2500017,FAROOK,FAROOK,2025-02-28,2025-03-30,-10.0,20.0,13950.83,,,,,,,,,-13950.83,HO,party_1146195561,div_2006915470,man_1091962667
AR-A0019,OFSI10,ABU DHABI PORTS COMPANY(AR-A0019),2500018,FAROOK,FAROOK,2025-02-28,2025-03-30,-10.0,20.0,3840.39,,,,,,,,,-3840.39,HO,party_1146195561,div_2006915470,man_1091962667
AR-A0019,OFSI10,ABU DHABI PORTS COMPANY(AR-A0019),2500031,FAROOK,FAROOK,2025-03-07,2025-04-06,-17.0,13.0,4337.03,,,,,,,,,-4337.03,HO,party_1146195561,div_2006915470,man_1091962667
AR-A0019,OFSI10,ABU DHABI PORTS COMPANY(AR-A0019),2500026,FAROOK,FAROOK,2025-03-08,2025-04-07,-18.0,12.0,89270.48,,,,,,,,,-89270.48,HO,party_1146195561,div_2006915470,man_1091962667
AR-A0020,OFSI10,ABU DHABI TERMINALS(AR-A0020),2500023,FAROOK,FAROOK,2025-03-08,2025-04-22,-33.0,12.0,785.4,,,,,,,,,-785.4,HO,party_0896442945,div_2006915470,man_1091962667
AR-A0020,OFSI10,ABU DHABI TERMINALS(AR-A0020),2500024,FAROOK,FAROOK,2025-03-08,2025-04-22,-33.0,12.0,304.5,,,,,,,,,-304.5,HO,party_0896442945,div_2006915470,man_1091962667
AR-A0020,OFSI10,ABU DHABI TERMINALS(AR-A0020),2500025,FAROOK,FAROOK,2025-03-08,2025-04-22,-33.0,12.0,849.45,,,,,,,,,-849.45,HO,party_0896442945,div_2006915470,man_1091962667
AR-A0020,OFSI10,ABU DHABI TERMINALS(AR-A0020),1140,FAROOK,FAROOK,2025-01-27,2025-03-13,7.0,52.0,,744.45,,,,,,,,-744.45,HO,party_0896442945,div_2006915470,man_1091962667
AR-A0020,OFSI10,ABU DHABI TERMINALS(AR-A0020),2500005,FAROOK,FAROOK,2025-01-27,2025-03-13,7.0,52.0,,1033.2,,,,,,,,-1033.2,HO,party_0896442945,div_2006915470,man_1091962667
AR-A0020,OFSI10,ABU DHABI TERMINALS(AR-A0020),2500006,FAROOK,FAROOK,2025-01-27,2025-03-13,7.0,52.0,,37.8,,,,,,,,-37.8,HO,party_0896442945,div_2006915470,man_1091962667
AR-A0026,JV10,ACTION BUILDERS CONSTRUCTION L.L.C(AR-A0026),Opb:OPB-8959,SAFEER,,2018-01-01,2018-01-01,2635.0,2635.0,,,,,,,,41006.9,,-41006.9,HO,party_0396879770,div_2006915470,man_0110721370
AR-A0028,SI30,ADEX INTERNATIONAL LLC(AR-A0028),2500612,ZAMEER ,ZAMEER ,2025-03-18,2025-06-16,-88.0,2.0,4095.0,,,,,,,,,-4095.0,Sharjah,party_0374338505,div_1742449716,man_1964161347
AR-A0029,OFSI10,ADNOC DRILLING(AR-A0029),2500033,FAROOK,FAROOK,2025-03-13,2025-05-12,-53.0,7.0,36930.6,,,,,,,,,-36930.6,HO,party_0653570551,div_2006915470,man_1091962667
AR-A0029,OFSI10,ADNOC DRILLING(AR-A0029),2500020,FAROOK,FAROOK,2025-03-05,2025-05-04,-45.0,15.0,19274.85,,,,,,,,,-19274.85,HO,party_0653570551,div_2006915470,man_1091962667
AR-A0029,OFSI10,ADNOC DRILLING(AR-A0029),2500021,FAROOK,FAROOK,2025-03-05,2025-05-04,-45.0,15.0,52.5,,,,,,,,,-52.5,HO,party_0653570551,div_2006915470,man_1091962667
AR-A0029,OFSI10,ADNOC DRILLING(AR-A0029),2500022,FAROOK,FAROOK,2025-03-05,2025-05-04,-45.0,15.0,3247.65,,,,,,,,,-3247.65,HO,party_0653570551,div_2006915470,man_1091962667
AR-A0029,OFSI10,ADNOC DRILLING(AR-A0029),2500032,FAROOK,FAROOK,2025-03-13,2025-05-12,-53.0,7.0,37272.9,,,,,,,,,-37272.9,HO,party_0653570551,div_2006915470,man_1091962667
AR-A0030,RV10,ADNOC GAS OPERATIONS AND MARKETING - L.L.C(AR-A0030),1882,FAROOK,,2024-07-01,2024-07-05,258.0,262.0,,,,,,,,,2.84,2.84,HO,party_2125255582,div_2006915470,man_0110721370
AR-A0034,JV10,ADNOC ONSHORE(AR-A0034),Opb:OPB-21899,FAROOK,,2018-07-01,2018-08-30,2394.0,2454.0,,,,,,,,3516.37,,-3516.37,HO,party_1553670439,div_2006915470,man_0110721370
AR-A0034,JV10,ADNOC ONSHORE(AR-A0034),Opb:OPB-21904,FAROOK,,2018-10-31,2018-12-30,2272.0,2332.0,,,,,,,,9560.25,,-9560.25,HO,party_1553670439,div_2006915470,man_0110721370
AR-A0034,JV10,ADNOC ONSHORE(AR-A0034),Opb:OPB-21906,FAROOK,,2018-10-31,2018-12-30,2272.0,2332.0,,,,,,,,17482.5,,-17482.5,HO,party_1553670439,div_2006915470,man_0110721370
AR-A0034,JV10,ADNOC ONSHORE(AR-A0034),Opb:OPB-21907,FAROOK,,2018-10-31,2018-12-30,2272.0,2332.0,,,,,,,,21857.85,,-21857.85,HO,party_1553670439,div_2006915470,man_0110721370
AR-A0034,JV10,ADNOC ONSHORE(AR-A0034),Opb:OPB-21908,FAROOK,,2018-11-14,2019-01-13,2258.0,2318.0,,,,,,,,1260.0,,-1260.0,HO,party_1553670439,div_2006915470,man_0110721370
AR-A0034,JV10,ADNOC ONSHORE(AR-A0034),Opb:OPB-21909,FAROOK,,2018-11-24,2019-01-23,2248.0,2308.0,,,,,,,,5884.2,,-5884.2,HO,party_1553670439,div_2006915470,man_0110721370
AR-A0034,JV10,ADNOC ONSHORE(AR-A0034),Opb:OPB-21910,FAROOK,,2018-11-25,2019-01-24,2247.0,2307.0,,,,,,,,1559.25,,-1559.25,HO,party_1553670439,div_2006915470,man_0110721370
AR-A0038,SI10,ADYARD ABU DHABI LLC(AR-A0038),Sal:CRHO22-00416,SAFEER,,2022-09-01,2022-11-30,841.0,931.0,,,,,,,,5113.5,,-5113.5,HO,party_0013030184,div_2006915470,man_0110721370
AR-A0039,SI40,AFREEN BUILDING MATERIALS TRADING CO. LLC(AR-A0039),2164,ABDUL SATHAR,ABDUL SATHAR,2024-12-11,2025-03-11,9.0,99.0,,,,945.0,,,,,,-945.0,Branch 2,party_0657341587,div_0097926054,man_0427457728
AR-A0039,SI40,AFREEN BUILDING MATERIALS TRADING CO. LLC(AR-A0039),2500146,ABDUL SATHAR,ABDUL SATHAR,2025-02-11,2025-05-12,-53.0,37.0,,294.0,,,,,,,,-294.0,Branch 2,party_0657341587,div_0097926054,man_0427457728
AR-A0039,SI40,AFREEN BUILDING MATERIALS TRADING CO. LLC(AR-A0039),2500185,ABDUL SATHAR,ABDUL SATHAR,2025-02-13,2025-05-14,-55.0,35.0,,147.0,,,,,,,,-147.0,Branch 2,party_0657341587,div_0097926054,man_0427457728
AR-A0039,SI40,AFREEN BUILDING MATERIALS TRADING CO. LLC(AR-A0039),2500261,ABDUL SATHAR,ABDUL SATHAR,2025-02-25,2025-05-26,-67.0,23.0,1995.0,,,,,,,,,-1995.0,Branch 2,party_0657341587,div_0097926054,man_0427457728
AR-A0039,SI40,AFREEN BUILDING MATERIALS TRADING CO. LLC(AR-A0039),2500292,ABDUL SATHAR,ABDUL SATHAR,2025-03-05,2025-06-03,-75.0,15.0,441.0,,,,,,,,,-441.0,Branch 2,party_0657341587,div_0097926054,man_0427457728
AR-A0039,SI40,AFREEN BUILDING MATERIALS TRADING CO. LLC(AR-A0039),2088,ABDUL SATHAR,ABDUL SATHAR,2024-11-30,2025-02-28,20.0,110.0,,,,409.5,,,,,,-409.5,Branch 2,party_0657341587,div_0097926054,man_0427457728
AR-A0039,SI40,AFREEN BUILDING MATERIALS TRADING CO. LLC(AR-A0039),2090,ABDUL SATHAR,ABDUL SATHAR,2024-11-30,2025-02-28,20.0,110.0,,,,463.05,,,,,,-463.05,Branch 2,party_0657341587,div_0097926054,man_0427457728
AR-A0039,SI40,AFREEN BUILDING MATERIALS TRADING CO. LLC(AR-A0039),2500234,ABDUL SATHAR,ABDUL SATHAR,2025-02-03,2025-05-04,-45.0,45.0,,718.2,,,,,,,,-718.2,Branch 2,party_0657341587,div_0097926054,man_0427457728
AR-A0039,SI40,AFREEN BUILDING MATERIALS TRADING CO. LLC(AR-A0039),2500238,ABDUL SATHAR,ABDUL SATHAR,2025-02-13,2025-05-14,-55.0,35.0,,178.5,,,,,,,,-178.5,Branch 2,party_0657341587,div_0097926054,man_0427457728
AR-A0039,SI40,AFREEN BUILDING MATERIALS TRADING CO. LLC(AR-A0039),1987,ABDUL SATHAR,ABDUL SATHAR,2024-11-23,2025-02-21,27.0,117.0,,,,367.5,,,,,,-367.5,Branch 2,party_0657341587,div_0097926054,man_0427457728
AR-A0039,SI40,AFREEN BUILDING MATERIALS TRADING CO. LLC(AR-A0039),2225,ABDUL SATHAR,ABDUL SATHAR,2024-12-30,2025-03-30,-10.0,80.0,,,472.5,,,,,,,-472.5,Branch 2,party_0657341587,div_0097926054,man_0427457728
AR-A0039,SI40,AFREEN BUILDING MATERIALS TRADING CO. LLC(AR-A0039),2500050,ABDUL SATHAR,ABDUL SATHAR,2025-01-18,2025-04-18,-29.0,61.0,,,214.2,,,,,,,-214.2,Branch 2,party_0657341587,div_0097926054,man_0427457728
AR-A0039,SI40,AFREEN BUILDING MATERIALS TRADING CO. LLC(AR-A0039),2001,ABDUL SATHAR,ABDUL SATHAR,2024-11-23,2025-02-21,27.0,117.0,,,,304.5,,,,,,-304.5,Branch 2,party_0657341587,div_0097926054,man_0427457728
AR-A0039,SI40,AFREEN BUILDING MATERIALS TRADING CO. LLC(AR-A0039),2119,ABDUL SATHAR,ABDUL SATHAR,2024-12-17,2025-03-17,3.0,93.0,,,,126.0,,,,,,-126.0,Branch 2,party_0657341587,div_0097926054,man_0427457728
AR-A0039,SI40,AFREEN BUILDING MATERIALS TRADING CO. LLC(AR-A0039),2169,ABDUL SATHAR,ABDUL SATHAR,2024-12-09,2025-03-09,11.0,101.0,,,,252.0,,,,,,-252.0,Branch 2,party_0657341587,div_0097926054,man_0427457728
AR-A0039,SI40,AFREEN BUILDING MATERIALS TRADING CO. LLC(AR-A0039),2200,ABDUL SATHAR,ABDUL SATHAR,2024-12-26,2025-03-26,-6.0,84.0,,,2173.5,,,,,,,-2173.5,Branch 2,party_0657341587,div_0097926054,man_0427457728
AR-A0039,SI40,AFREEN BUILDING MATERIALS TRADING CO. LLC(AR-A0039),2201,ABDUL SATHAR,ABDUL SATHAR,2024-12-26,2025-03-26,-6.0,84.0,,,609.0,,,,,,,-609.0,Branch 2,party_0657341587,div_0097926054,man_0427457728
AR-A0039,SI40,AFREEN BUILDING MATERIALS TRADING CO. LLC(AR-A0039),2020,ABDUL SATHAR,ABDUL SATHAR,2024-11-23,2025-02-21,27.0,117.0,,,,396.9,,,,,,-396.9,Branch 2,party_0657341587,div_0097926054,man_0427457728
AR-A0039,SI40,AFREEN BUILDING MATERIALS TRADING CO. LLC(AR-A0039),2500333,ABDUL SATHAR,ABDUL SATHAR,2025-03-18,2025-06-16,-88.0,2.0,220.5,,,,,,,,,-220.5,Branch 2,party_0657341587,div_0097926054,man_0427457728
AR-A0039,SI40,AFREEN BUILDING MATERIALS TRADING CO. LLC(AR-A0039),2005,ABDUL SATHAR,ABDUL SATHAR,2024-11-23,2025-02-21,27.0,117.0,,,,393.75,,,,,,-393.75,Branch 2,party_0657341587,div_0097926054,man_0427457728
AR-A0039,SI40,AFREEN BUILDING MATERIALS TRADING CO. LLC(AR-A0039),2135,ABDUL SATHAR,ABDUL SATHAR,2024-12-18,2025-03-18,2.0,92.0,,,,862.05,,,,,,-862.05,Branch 2,party_0657341587,div_0097926054,man_0427457728
AR-A0039,SI40,AFREEN BUILDING MATERIALS TRADING CO. LLC(AR-A0039),2500070,ABDUL SATHAR,ABDUL SATHAR,2025-01-24,2025-04-24,-35.0,55.0,,882.0,,,,,,,,-882.0,Branch 2,party_0657341587,div_0097926054,man_0427457728
AR-A0039,SI40,AFREEN BUILDING MATERIALS TRADING CO. LLC(AR-A0039),2500080,ABDUL SATHAR,ABDUL SATHAR,2025-01-24,2025-04-24,-35.0,55.0,,2362.5,,,,,,,,-2362.5,Branch 2,party_0657341587,div_0097926054,man_0427457728
AR-A0039,SI40,AFREEN BUILDING MATERIALS TRADING CO. LLC(AR-A0039),2105,ABDUL SATHAR,ABDUL SATHAR,2024-12-23,2025-03-23,-3.0,87.0,,,2871.75,,,,,,,-2871.75,Branch 2,party_0657341587,div_0097926054,man_0427457728
AR-A0039,SI40,AFREEN BUILDING MATERIALS TRADING CO. LLC(AR-A0039),2500016,ABDUL SATHAR,ABDUL SATHAR,2025-01-17,2025-04-17,-28.0,62.0,,,1337.7,,,,,,,-1337.7,Branch 2,party_0657341587,div_0097926054,man_0427457728
AR-A0042,CRM20,AG FACILITIES SOLUTIONS FOR CONTRACTING AND GENERAL MAINTEN(AR-A0042),PDR1068,SAFEER,,2024-02-07,2024-01-24,421.0,407.0,,,,,,,,,1331.4,1331.4,MCJ,party_1689993542,div_0556003793,man_0110721370
AR-A0044,SI30,AHLI POOLS GARDENS LANDSCAPING(AR-A0044),2500106,ZAMEER ,ZAMEER ,2025-01-13,2025-05-13,-54.0,66.0,,,3780.0,,,,,,,-3780.0,Sharjah,party_0805057913,div_1742449716,man_1964161347
AR-A0044,SI30,AHLI POOLS GARDENS LANDSCAPING(AR-A0044),2500565,ZAMEER ,ZAMEER ,2025-03-12,2025-07-10,-112.0,8.0,3780.0,,,,,,,,,-3780.0,Sharjah,party_0805057913,div_1742449716,man_1964161347
AR-A0047,JV10,AJAD FACILITIES MANAGEMENT(AR-A0047),Opb:OPB-27905,SAFEER,,2019-12-31,2019-12-31,1906.0,1906.0,,,,,,,,165.9,,-165.9,HO,party_0375842457,div_2006915470,man_0110721370
AR-A0047,JV10,AJAD FACILITIES MANAGEMENT(AR-A0047),Opb:OPB-27906,SAFEER,,2019-12-31,2019-12-31,1906.0,1906.0,,,,,,,,375.9,,-375.9,HO,party_0375842457,div_2006915470,man_0110721370
AR-A0047,JV10,AJAD FACILITIES MANAGEMENT(AR-A0047),Opb:OPB-27907,SAFEER,,2019-12-31,2019-12-31,1906.0,1906.0,,,,,,,,638.93,,-638.93,HO,party_0375842457,div_2006915470,man_0110721370
AR-A0047,JV10,AJAD FACILITIES MANAGEMENT(AR-A0047),Opb:OPB-27908,SAFEER,,2020-01-06,2020-01-06,1900.0,1900.0,,,,,,,,867.3,,-867.3,HO,party_0375842457,div_2006915470,man_0110721370
AR-A0047,JV10,AJAD FACILITIES MANAGEMENT(AR-A0047),Opb:OPB-27909,SAFEER,,2020-01-06,2020-01-06,1900.0,1900.0,,,,,,,,404.25,,-404.25,HO,party_0375842457,div_2006915470,man_0110721370
AR-A0047,JV10,AJAD FACILITIES MANAGEMENT(AR-A0047),Opb:OPB-27898,SAFEER,,2019-12-16,2019-12-16,1921.0,1921.0,,,,,,,,404.25,,-404.25,HO,party_0375842457,div_2006915470,man_0110721370
AR-A0047,JV10,AJAD FACILITIES MANAGEMENT(AR-A0047),Opb:OPB-27899,SAFEER,,2019-12-24,2019-12-24,1913.0,1913.0,,,,,,,,641.03,,-641.03,HO,party_0375842457,div_2006915470,man_0110721370
AR-A0047,JV10,AJAD FACILITIES MANAGEMENT(AR-A0047),Opb:OPB-27900,SAFEER,,2019-12-24,2019-12-24,1913.0,1913.0,,,,,,,,1240.95,,-1240.95,HO,party_0375842457,div_2006915470,man_0110721370
AR-A0047,JV10,AJAD FACILITIES MANAGEMENT(AR-A0047),Opb:OPB-27901,SAFEER,,2019-12-24,2019-12-24,1913.0,1913.0,,,,,,,,870.71,,-870.71,HO,party_0375842457,div_2006915470,man_0110721370
AR-A0047,JV10,AJAD FACILITIES MANAGEMENT(AR-A0047),Opb:OPB-27902,SAFEER,,2019-12-24,2019-12-24,1913.0,1913.0,,,,,,,,404.25,,-404.25,HO,party_0375842457,div_2006915470,man_0110721370
AR-A0047,JV10,AJAD FACILITIES MANAGEMENT(AR-A0047),Opb:OPB-27903,SAFEER,,2019-12-24,2019-12-24,1913.0,1913.0,,,,,,,,312.91,,-312.91,HO,party_0375842457,div_2006915470,man_0110721370
AR-A0047,JV10,AJAD FACILITIES MANAGEMENT(AR-A0047),Opb:OPB-27904,SAFEER,,2019-12-25,2019-12-25,1912.0,1912.0,,,,,,,,4479.57,,-4479.57,HO,party_0375842457,div_2006915470,man_0110721370
AR-A0050,JV10,AL ADA AL MOMAYAZ GENERAL CONTRACTING LLC(AR-A0050),Opb:OPB-25490,SAFEER,,2018-09-20,2018-09-20,2373.0,2373.0,,,,,,,,564.37,,-564.37,HO,party_0342445938,div_2006915470,man_0110721370
AR-A0050,JV10,AL ADA AL MOMAYAZ GENERAL CONTRACTING LLC(AR-A0050),Opb:OPB-25491,SAFEER,,2018-10-13,2018-10-13,2350.0,2350.0,,,,,,,,608.49,,-608.49,HO,party_0342445938,div_2006915470,man_0110721370
AR-A0050,JV10,AL ADA AL MOMAYAZ GENERAL CONTRACTING LLC(AR-A0050),Opb:OPB-25492,SAFEER,,2018-10-31,2018-10-31,2332.0,2332.0,,,,,,,,1638.84,,-1638.84,HO,party_0342445938,div_2006915470,man_0110721370
AR-A0050,JV10,AL ADA AL MOMAYAZ GENERAL CONTRACTING LLC(AR-A0050),Opb:OPB-25494,SAFEER,,2018-10-31,2018-10-31,2332.0,2332.0,,,,,,,,991.2,,-991.2,HO,party_0342445938,div_2006915470,man_0110721370
AR-A0050,JV10,AL ADA AL MOMAYAZ GENERAL CONTRACTING LLC(AR-A0050),Opb:OPB-25495,SAFEER,,2018-10-31,2018-10-31,2332.0,2332.0,,,,,,,,5638.5,,-5638.5,HO,party_0342445938,div_2006915470,man_0110721370
AR-A0050,JV10,AL ADA AL MOMAYAZ GENERAL CONTRACTING LLC(AR-A0050),Opb:OPB-25496,SAFEER,,2018-10-31,2018-10-31,2332.0,2332.0,,,,,,,,439.43,,-439.43,HO,party_0342445938,div_2006915470,man_0110721370
AR-A0050,JV10,AL ADA AL MOMAYAZ GENERAL CONTRACTING LLC(AR-A0050),Opb:OPB-25497,SAFEER,,2018-10-31,2018-10-31,2332.0,2332.0,,,,,,,,4582.2,,-4582.2,HO,party_0342445938,div_2006915470,man_0110721370
AR-A0051,SI30,AL AFIF BUILDING MATERIAL TRD. L.L.C.(AR-A0051),2500061,ZAMEER ,ZAMEER ,2025-01-06,2025-04-06,-17.0,73.0,,,2352.0,,,,,,,-2352.0,Sharjah,party_1000820673,div_1742449716,man_1964161347
AR-A0051,SI30,AL AFIF BUILDING MATERIAL TRD. L.L.C.(AR-A0051),2500456,ZAMEER ,ZAMEER ,2025-03-01,2025-05-30,-71.0,19.0,1732.5,,,,,,,,,-1732.5,Sharjah,party_1000820673,div_1742449716,man_1964161347
AR-A0051,SI30,AL AFIF BUILDING MATERIAL TRD. L.L.C.(AR-A0051),3320,ZAMEER ,ZAMEER ,2024-12-13,2025-03-13,7.0,97.0,,,,1239.0,,,,,,-1239.0,Sharjah,party_1000820673,div_1742449716,man_1964161347
AR-A0051,SI30,AL AFIF BUILDING MATERIAL TRD. L.L.C.(AR-A0051),2500502,ZAMEER ,ZAMEER ,2025-03-05,2025-06-03,-75.0,15.0,325.5,,,,,,,,,-325.5,Sharjah,party_1000820673,div_1742449716,man_1964161347
AR-A0051,SI30,AL AFIF BUILDING MATERIAL TRD. L.L.C.(AR-A0051),2500079,ZAMEER ,ZAMEER ,2025-01-08,2025-04-08,-19.0,71.0,,,278.25,,,,,,,-278.25,Sharjah,party_1000820673,div_1742449716,man_1964161347
AR-A0054,OSI10,AL AIN GENERAL CONTRACTING(AR-A0054),2500010,RIYAS M,SHAMEEM,2024-12-31,2025-03-31,-11.0,79.0,,,436.8,,,,,,,-436.8,HO,party_1752016684,div_2006915470,man_1260967655
AR-A0054,OSI10,AL AIN GENERAL CONTRACTING(AR-A0054),2500011,RIYAS M,ANSAR ,2024-12-31,2025-03-31,-11.0,79.0,,,472.5,,,,,,,-472.5,HO,party_1752016684,div_2006915470,man_0731228032
AR-A0054,OSI10,AL AIN GENERAL CONTRACTING(AR-A0054),3504,RIYAS M,RIYAS M,2024-12-04,2025-03-04,16.0,106.0,,,,3793.13,,,,,,-3793.13,HO,party_1752016684,div_2006915470,man_2030811350
AR-A0054,OSI10,AL AIN GENERAL CONTRACTING(AR-A0054),3309,RIYAS M,RIYAS M,2024-10-22,2025-01-20,59.0,149.0,,,,,2362.5,,,,,-2362.5,HO,party_1752016684,div_2006915470,man_2030811350
AR-A0054,OSI10,AL AIN GENERAL CONTRACTING(AR-A0054),3310,RIYAS M,RIYAS M,2024-10-22,2025-01-20,59.0,149.0,,,,,497.07,,,,,-497.07,HO,party_1752016684,div_2006915470,man_2030811350
AR-A0054,OSI10,AL AIN GENERAL CONTRACTING(AR-A0054),2967,RIYAS M,AJIMAL ,2024-08-17,2024-11-15,125.0,215.0,,,,,,,,529.2,,-529.2,HO,party_1752016684,div_2006915470,man_1437910147
AR-A0054,OSI10,AL AIN GENERAL CONTRACTING(AR-A0054),2976,RIYAS M,AJIMAL ,2024-08-08,2024-11-06,134.0,224.0,,,,,,,,1036.35,,-1036.35,HO,party_1752016684,div_2006915470,man_1437910147
AR-A0054,OSI10,AL AIN GENERAL CONTRACTING(AR-A0054),2978,RIYAS M,AJIMAL ,2024-08-13,2024-11-11,129.0,219.0,,,,,,,,157.5,,-157.5,HO,party_1752016684,div_2006915470,man_1437910147
AR-A0054,OSI10,AL AIN GENERAL CONTRACTING(AR-A0054),3325,RIYAS M,RIYAS M,2024-10-22,2025-01-20,59.0,149.0,,,,,446.25,,,,,-446.25,HO,party_1752016684,div_2006915470,man_2030811350
AR-A0054,OSI10,AL AIN GENERAL CONTRACTING(AR-A0054),2676,RIYAS M,AJIMAL ,2024-07-19,2024-10-17,154.0,244.0,,,,,,,,924.0,,-924.0,HO,party_1752016684,div_2006915470,man_1437910147
AR-A0054,OSI10,AL AIN GENERAL CONTRACTING(AR-A0054),2677,RIYAS M,AJIMAL ,2024-07-19,2024-10-17,154.0,244.0,,,,,,,,114.19,,-114.19,HO,party_1752016684,div_2006915470,man_1437910147
AR-A0054,OSI10,AL AIN GENERAL CONTRACTING(AR-A0054),3509,RIYAS M,RIYAS M,2024-12-06,2025-03-06,14.0,104.0,,,,1659.0,,,,,,-1659.0,HO,party_1752016684,div_2006915470,man_2030811350
AR-A0063,SI30,AL BADYA BLDG. MAT. TRDG. EST. AL DHAID(AR-A0063),3314,ZAMEER ,ZAMEER ,2024-12-12,2025-04-11,-22.0,98.0,,,,3024.0,,,,,,-3024.0,Sharjah,party_0568105906,div_1742449716,man_1964161347
AR-A0065,SI30,AL BAHIA SANIT. & ELECT. MATERIAL TRADING. NUAIMIA(AR-A0065),Sal:CRSHJ23-01424,ZAMEER ,,2023-11-15,2024-03-14,371.0,491.0,,,,,,,,325.5,,-325.5,Sharjah,party_1620918644,div_1742449716,man_0110721370
AR-A0065,SI30,AL BAHIA SANIT. & ELECT. MATERIAL TRADING. NUAIMIA(AR-A0065),2500440,ZAMEER ,ZAMEER ,2025-02-26,2025-06-26,-98.0,22.0,500.0,,,,,,,,,-500.0,Sharjah,party_1620918644,div_1742449716,man_1964161347
AR-A0065,SI30,AL BAHIA SANIT. & ELECT. MATERIAL TRADING. NUAIMIA(AR-A0065),2500290,ZAMEER ,ZAMEER ,2025-02-04,2025-06-04,-76.0,44.0,,787.5,,,,,,,,-787.5,Sharjah,party_1620918644,div_1742449716,man_1964161347
AR-R0005,SI20,RAFHA TR. L.L.C(AR-R0005),2500322,RINSHAD T K,RINSHAD T K,2025-02-28,2025-04-29,-40.0,20.0,1134.0,,,,,,,,,-1134.0,MCJ,party_0990387726,div_0556003793,man_2128340233
AR-A0067,SI40,AL BARAYAH TRADING COMPANY W L L	(AR-A0067),2500111,ABDUL SATHAR,ABDUL SATHAR,2025-01-28,2025-04-28,-39.0,51.0,,1092.0,,,,,,,,-1092.0,Branch 2,party_0802326816,div_0097926054,man_0427457728
AR-A0067,SI40,AL BARAYAH TRADING COMPANY W L L	(AR-A0067),2185,ABDUL SATHAR,ABDUL SATHAR,2024-12-04,2025-03-04,16.0,106.0,,,,309.75,,,,,,-309.75,Branch 2,party_0802326816,div_0097926054,man_0427457728
AR-A0067,SI40,AL BARAYAH TRADING COMPANY W L L	(AR-A0067),2500027,ABDUL SATHAR,ABDUL SATHAR,2025-01-17,2025-04-17,-28.0,62.0,,,283.5,,,,,,,-283.5,Branch 2,party_0802326816,div_0097926054,man_0427457728
AR-A0067,SI40,AL BARAYAH TRADING COMPANY W L L	(AR-A0067),2500178,ABDUL SATHAR,ABDUL SATHAR,2025-02-05,2025-05-06,-47.0,43.0,,682.5,,,,,,,,-682.5,Branch 2,party_0802326816,div_0097926054,man_0427457728
AR-A0067,SI40,AL BARAYAH TRADING COMPANY W L L	(AR-A0067),2500229,ABDUL SATHAR,ABDUL SATHAR,2025-02-18,2025-05-19,-60.0,30.0,,1171.8,,,,,,,,-1171.8,Branch 2,party_0802326816,div_0097926054,man_0427457728
AR-A0067,SI40,AL BARAYAH TRADING COMPANY W L L	(AR-A0067),2500006,ABDUL SATHAR,ABDUL SATHAR,2025-01-17,2025-04-17,-28.0,62.0,,,273.0,,,,,,,-273.0,Branch 2,party_0802326816,div_0097926054,man_0427457728
AR-A0067,SI40,AL BARAYAH TRADING COMPANY W L L	(AR-A0067),2500103,ABDUL SATHAR,ABDUL SATHAR,2025-01-29,2025-04-29,-40.0,50.0,,299.25,,,,,,,,-299.25,Branch 2,party_0802326816,div_0097926054,man_0427457728
AR-A0067,SI40,AL BARAYAH TRADING COMPANY W L L	(AR-A0067),2500219,ABDUL SATHAR,ABDUL SATHAR,2025-02-19,2025-05-20,-61.0,29.0,283.5,,,,,,,,,-283.5,Branch 2,party_0802326816,div_0097926054,man_0427457728
AR-A0067,SI40,AL BARAYAH TRADING COMPANY W L L	(AR-A0067),2500220,ABDUL SATHAR,ABDUL SATHAR,2025-02-19,2025-05-20,-61.0,29.0,257.25,,,,,,,,,-257.25,Branch 2,party_0802326816,div_0097926054,man_0427457728
AR-A0071,SI40,AL BOOM TRADING CO.L.L.C (MUSSAFA)(AR-A0071),2136,ABDUL SATHAR,ABDUL SATHAR,2024-12-19,2025-03-19,1.0,91.0,,,,761.25,,,,,,-761.25,Branch 2,party_0909428531,div_0097926054,man_0427457728
AR-A0071,SI40,AL BOOM TRADING CO.L.L.C (MUSSAFA)(AR-A0071),1986,ABDUL SATHAR,ABDUL SATHAR,2024-11-23,2025-02-21,27.0,117.0,,,,1207.5,,,,,,-1207.5,Branch 2,party_0909428531,div_0097926054,man_0427457728
AR-A0071,OSI10,AL BOOM TRADING CO.L.L.C (MUSSAFA)(AR-A0071),3000,ABDUL SATHAR,ABDUL SATHAR,2024-08-31,2024-11-29,111.0,201.0,,,,,,,997.5,,,-997.5,HO,party_0909428531,div_2006915470,man_0427457728
AR-A0074,SI10,AL BUSHRA SONS TRADING CO. LLC(AR-A0074),1440,ABBAS ,SUNDARAN ,2024-11-06,2025-02-04,44.0,134.0,,,,,6314.7,,,,,-6314.7,HO,party_1148362431,div_2006915470,man_0622657813
AR-A0074,SI10,AL BUSHRA SONS TRADING CO. LLC(AR-A0074),1443,ABBAS ,ABBAS ,2024-11-12,2025-02-10,38.0,128.0,,,,,939.24,,,,,-939.24,HO,party_1148362431,div_2006915470,man_1563038311
AR-A0074,SI10,AL BUSHRA SONS TRADING CO. LLC(AR-A0074),2500001,ABBAS ,SUNDARAN ,2025-01-05,2025-04-05,-16.0,74.0,,,6805.6,,,,,,,-6805.6,HO,party_1148362431,div_2006915470,man_0622657813
AR-A0074,SI10,AL BUSHRA SONS TRADING CO. LLC(AR-A0074),1516,ABBAS ,ABBAS ,2024-12-31,2025-03-31,-11.0,79.0,,,1675.57,,,,,,,-1675.57,HO,party_1148362431,div_2006915470,man_1563038311
AR-A0075,SI20,AL BUSHRA SONS TRADING EST.(AR-A0075),2500184,RINSHAD T K,RINSHAD T K,2025-02-04,2025-04-05,-16.0,44.0,,1.25,,,,,,,,-1.25,MCJ,party_0694950741,div_0556003793,man_2128340233
AR-A0076,SI30,AL DAMAM HARDWARE TRADING CO LLC(AR-A0076),2500326,ZAMEER ,ZAMEER ,2025-02-10,2025-05-11,-52.0,38.0,,2205.0,,,,,,,,-2205.0,Sharjah,party_0139886547,div_1742449716,man_1964161347
AR-A0076,SI30,AL DAMAM HARDWARE TRADING CO LLC(AR-A0076),3363,ZAMEER ,ZAMEER ,2024-12-19,2025-03-19,1.0,91.0,,,,1341.49,,,,,,-1341.49,Sharjah,party_0139886547,div_1742449716,man_1964161347
AR-A0077,SI30,AL DAMMAM ELECT & SANITARY WARE TRDG.AJMAN(AR-A0077),2500427,RINSHAD M U,RINSHAD M U,2025-02-25,2025-06-25,-97.0,23.0,1417.5,,,,,,,,,-1417.5,Sharjah,party_1384632132,div_1742449716,man_0298694519
AR-A0077,SI30,AL DAMMAM ELECT & SANITARY WARE TRDG.AJMAN(AR-A0077),3141,RINSHAD M U,RINSHAD M U,2024-11-18,2025-03-18,2.0,122.0,,,,,483.0,,,,,-483.0,Sharjah,party_1384632132,div_1742449716,man_0298694519
AR-A0077,SI30,AL DAMMAM ELECT & SANITARY WARE TRDG.AJMAN(AR-A0077),2500119,RINSHAD M U,RINSHAD M U,2025-01-13,2025-05-13,-54.0,66.0,,,2336.25,,,,,,,-2336.25,Sharjah,party_1384632132,div_1742449716,man_0298694519
AR-A0077,SI30,AL DAMMAM ELECT & SANITARY WARE TRDG.AJMAN(AR-A0077),2500421,RINSHAD M U,ZAMEER ,2025-02-24,2025-06-24,-96.0,24.0,708.75,,,,,,,,,-708.75,Sharjah,party_1384632132,div_1742449716,man_1964161347
AR-A0077,SI30,AL DAMMAM ELECT & SANITARY WARE TRDG.AJMAN(AR-A0077),2500422,RINSHAD M U,ZAMEER ,2025-02-24,2025-06-24,-96.0,24.0,850.5,,,,,,,,,-850.5,Sharjah,party_1384632132,div_1742449716,man_1964161347
AR-A0077,SI30,AL DAMMAM ELECT & SANITARY WARE TRDG.AJMAN(AR-A0077),3292,RINSHAD M U,ZAMEER ,2024-12-11,2025-04-10,-21.0,99.0,,,,4462.5,,,,,,-4462.5,Sharjah,party_1384632132,div_1742449716,man_1964161347
AR-A0077,SI30,AL DAMMAM ELECT & SANITARY WARE TRDG.AJMAN(AR-A0077),2500382,RINSHAD M U,ZAMEER ,2025-02-18,2025-06-18,-90.0,30.0,,4488.75,,,,,,,,-4488.75,Sharjah,party_1384632132,div_1742449716,man_1964161347
AR-A0077,SI30,AL DAMMAM ELECT & SANITARY WARE TRDG.AJMAN(AR-A0077),2500080,RINSHAD M U,RINSHAD M U,2025-01-08,2025-05-08,-49.0,71.0,,,1023.75,,,,,,,-1023.75,Sharjah,party_1384632132,div_1742449716,man_0298694519
AR-A0077,SI30,AL DAMMAM ELECT & SANITARY WARE TRDG.AJMAN(AR-A0077),2500056,RINSHAD M U,ZAMEER ,2025-01-06,2025-05-06,-47.0,73.0,,,1181.25,,,,,,,-1181.25,Sharjah,party_1384632132,div_1742449716,man_1964161347
AR-A0077,SI30,AL DAMMAM ELECT & SANITARY WARE TRDG.AJMAN(AR-A0077),3307,RINSHAD M U,RINSHAD M U,2024-12-12,2025-04-11,-22.0,98.0,,,,4226.25,,,,,,-4226.25,Sharjah,party_1384632132,div_1742449716,man_0298694519
AR-A0077,SI30,AL DAMMAM ELECT & SANITARY WARE TRDG.AJMAN(AR-A0077),3271,RINSHAD M U,RINSHAD M U,2024-12-09,2025-04-08,-19.0,101.0,,,,2887.5,,,,,,-2887.5,Sharjah,party_1384632132,div_1742449716,man_0298694519
AR-A0077,SI30,AL DAMMAM ELECT & SANITARY WARE TRDG.AJMAN(AR-A0077),2500102,RINSHAD M U,RINSHAD M U,2025-01-11,2025-05-11,-52.0,68.0,,,2336.25,,,,,,,-2336.25,Sharjah,party_1384632132,div_1742449716,man_0298694519
AR-A0077,SI30,AL DAMMAM ELECT & SANITARY WARE TRDG.AJMAN(AR-A0077),2500463,RINSHAD M U,ZAMEER ,2025-03-01,2025-06-29,-101.0,19.0,850.5,,,,,,,,,-850.5,Sharjah,party_1384632132,div_1742449716,man_1964161347
AR-A0077,SI30,AL DAMMAM ELECT & SANITARY WARE TRDG.AJMAN(AR-A0077),3244,RINSHAD M U,RINSHAD M U,2024-12-05,2025-04-04,-15.0,105.0,,,,2362.5,,,,,,-2362.5,Sharjah,party_1384632132,div_1742449716,man_0298694519
AR-A0077,SI30,AL DAMMAM ELECT & SANITARY WARE TRDG.AJMAN(AR-A0077),3114,RINSHAD M U,RINSHAD M U,2024-11-14,2025-03-14,6.0,126.0,,,,,2362.5,,,,,-2362.5,Sharjah,party_1384632132,div_1742449716,man_0298694519
AR-A0077,SI30,AL DAMMAM ELECT & SANITARY WARE TRDG.AJMAN(AR-A0077),2500371,RINSHAD M U,ZAMEER ,2025-02-17,2025-06-17,-89.0,31.0,,4488.75,,,,,,,,-4488.75,Sharjah,party_1384632132,div_1742449716,man_1964161347
AR-A0078,SI30,AL DASHTI BUILDING MATERIALS L.L.C.(AR-A0078),3242,ZAMEER ,ZAMEER ,2024-12-05,2025-04-04,-15.0,105.0,,,,1758.75,,,,,,-1758.75,Sharjah,party_1080521497,div_1742449716,man_1964161347
AR-A0078,SI30,AL DASHTI BUILDING MATERIALS L.L.C.(AR-A0078),2500466,ZAMEER ,ZAMEER ,2025-03-01,2025-06-29,-101.0,19.0,1228.5,,,,,,,,,-1228.5,Sharjah,party_1080521497,div_1742449716,man_1964161347
AR-A0078,SI30,AL DASHTI BUILDING MATERIALS L.L.C.(AR-A0078),3417,ZAMEER ,ZAMEER ,2024-12-27,2025-04-26,-37.0,83.0,,,183.75,,,,,,,-183.75,Sharjah,party_1080521497,div_1742449716,man_1964161347
AR-A0078,SI30,AL DASHTI BUILDING MATERIALS L.L.C.(AR-A0078),3425,ZAMEER ,ZAMEER ,2024-12-30,2025-04-29,-40.0,80.0,,,3801.0,,,,,,,-3801.0,Sharjah,party_1080521497,div_1742449716,man_1964161347
AR-A0078,SI30,AL DASHTI BUILDING MATERIALS L.L.C.(AR-A0078),3317,ZAMEER ,ZAMEER ,2024-12-13,2025-04-12,-23.0,97.0,,,,1071.0,,,,,,-1071.0,Sharjah,party_1080521497,div_1742449716,man_1964161347
AR-A0078,SI30,AL DASHTI BUILDING MATERIALS L.L.C.(AR-A0078),2500161,ZAMEER ,ZAMEER ,2025-01-18,2025-05-18,-59.0,61.0,,,1680.0,,,,,,,-1680.0,Sharjah,party_1080521497,div_1742449716,man_1964161347
AR-A0078,SI30,AL DASHTI BUILDING MATERIALS L.L.C.(AR-A0078),2500202,ZAMEER ,ZAMEER ,2025-01-24,2025-05-24,-65.0,55.0,,1758.75,,,,,,,,-1758.75,Sharjah,party_1080521497,div_1742449716,man_1964161347
AR-A0078,SI30,AL DASHTI BUILDING MATERIALS L.L.C.(AR-A0078),2500620,ZAMEER ,ZAMEER ,2025-03-19,2025-07-17,-119.0,1.0,1758.75,,,,,,,,,-1758.75,Sharjah,party_1080521497,div_1742449716,man_1964161347
AR-A0078,SI30,AL DASHTI BUILDING MATERIALS L.L.C.(AR-A0078),2500228,ZAMEER ,ZAMEER ,2025-02-04,2025-06-04,-76.0,44.0,,1239.0,,,,,,,,-1239.0,Sharjah,party_1080521497,div_1742449716,man_1964161347
AR-A0078,SI30,AL DASHTI BUILDING MATERIALS L.L.C.(AR-A0078),3388,ZAMEER ,ZAMEER ,2024-12-23,2025-04-22,-33.0,87.0,,,666.75,,,,,,,-666.75,Sharjah,party_1080521497,div_1742449716,man_1964161347
AR-A0078,SI30,AL DASHTI BUILDING MATERIALS L.L.C.(AR-A0078),2500067,ZAMEER ,ZAMEER ,2025-01-07,2025-05-07,-48.0,72.0,,,1071.0,,,,,,,-1071.0,Sharjah,party_1080521497,div_1742449716,man_1964161347
AR-A0078,SI30,AL DASHTI BUILDING MATERIALS L.L.C.(AR-A0078),2500411,ZAMEER ,ZAMEER ,2025-02-22,2025-06-22,-94.0,26.0,1606.5,,,,,,,,,-1606.5,Sharjah,party_1080521497,div_1742449716,man_1964161347
AR-A0078,SI30,AL DASHTI BUILDING MATERIALS L.L.C.(AR-A0078),2500544,ZAMEER ,ZAMEER ,2025-03-10,2025-07-08,-110.0,10.0,1071.0,,,,,,,,,-1071.0,Sharjah,party_1080521497,div_1742449716,man_1964161347
AR-A0078,SI30,AL DASHTI BUILDING MATERIALS L.L.C.(AR-A0078),2500485,ZAMEER ,ZAMEER ,2025-03-04,2025-07-02,-104.0,16.0,252.0,,,,,,,,,-252.0,Sharjah,party_1080521497,div_1742449716,man_1964161347
AR-A0078,SI30,AL DASHTI BUILDING MATERIALS L.L.C.(AR-A0078),2500439,ZAMEER ,ZAMEER ,2025-02-26,2025-06-26,-98.0,22.0,1758.75,,,,,,,,,-1758.75,Sharjah,party_1080521497,div_1742449716,man_1964161347
AR-A0078,SI30,AL DASHTI BUILDING MATERIALS L.L.C.(AR-A0078),2500307,ZAMEER ,ZAMEER ,2025-02-06,2025-06-06,-78.0,42.0,,1758.75,,,,,,,,-1758.75,Sharjah,party_1080521497,div_1742449716,man_1964161347
AR-A0078,SI30,AL DASHTI BUILDING MATERIALS L.L.C.(AR-A0078),2500297,ZAMEER ,ZAMEER ,2025-02-05,2025-06-05,-77.0,43.0,,966.0,,,,,,,,-966.0,Sharjah,party_1080521497,div_1742449716,man_1964161347
AR-A0080,SI30,AL DHAFIR ELECT. & SANITARY WARE.(AR-A0080),2500310,ZAMEER ,ZAMEER ,2025-02-06,2025-06-06,-78.0,42.0,,5859.0,,,,,,,,-5859.0,Sharjah,party_0327711795,div_1742449716,man_1964161347
AR-A0080,SI30,AL DHAFIR ELECT. & SANITARY WARE.(AR-A0080),2800,ZAMEER ,ZAMEER ,2024-10-04,2025-02-01,47.0,167.0,,,,,,2047.5,,,,-2047.5,Sharjah,party_0327711795,div_1742449716,man_1964161347
AR-A0080,SI30,AL DHAFIR ELECT. & SANITARY WARE.(AR-A0080),2674,ZAMEER ,ZAMEER ,2024-09-17,2025-01-15,64.0,184.0,,,,,,,761.25,,,-761.25,Sharjah,party_0327711795,div_1742449716,man_1964161347
AR-A0080,SI30,AL DHAFIR ELECT. & SANITARY WARE.(AR-A0080),2457,ZAMEER ,ZAMEER ,2024-08-21,2024-12-19,91.0,211.0,,,,,,,,0.25,,-0.25,Sharjah,party_0327711795,div_1742449716,man_1964161347
AR-A0080,SI30,AL DHAFIR ELECT. & SANITARY WARE.(AR-A0080),2976,ZAMEER ,ZAMEER ,2024-10-26,2025-02-23,25.0,145.0,,,,,5197.5,,,,,-5197.5,Sharjah,party_0327711795,div_1742449716,man_1964161347
AR-A0080,SI30,AL DHAFIR ELECT. & SANITARY WARE.(AR-A0080),3180,ZAMEER ,ZAMEER ,2024-11-25,2025-03-25,-5.0,115.0,,,,4420.5,,,,,,-4420.5,Sharjah,party_0327711795,div_1742449716,man_1964161347
AR-A0080,SI30,AL DHAFIR ELECT. & SANITARY WARE.(AR-A0080),2500138,ZAMEER ,ZAMEER ,2025-01-14,2025-05-14,-55.0,65.0,,,488.25,,,,,,,-488.25,Sharjah,party_0327711795,div_1742449716,man_1964161347
AR-A0080,SI30,AL DHAFIR ELECT. & SANITARY WARE.(AR-A0080),2500344,ZAMEER ,ZAMEER ,2025-02-12,2025-06-12,-84.0,36.0,,1071.0,,,,,,,,-1071.0,Sharjah,party_0327711795,div_1742449716,man_1964161347
AR-A0080,SI30,AL DHAFIR ELECT. & SANITARY WARE.(AR-A0080),2500417,ZAMEER ,ZAMEER ,2025-02-22,2025-06-22,-94.0,26.0,735.0,,,,,,,,,-735.0,Sharjah,party_0327711795,div_1742449716,man_1964161347
AR-A0080,SI30,AL DHAFIR ELECT. & SANITARY WARE.(AR-A0080),2500418,ZAMEER ,ZAMEER ,2025-02-24,2025-06-24,-96.0,24.0,735.0,,,,,,,,,-735.0,Sharjah,party_0327711795,div_1742449716,man_1964161347
AR-A0080,SI30,AL DHAFIR ELECT. & SANITARY WARE.(AR-A0080),2500425,ZAMEER ,ZAMEER ,2025-02-24,2025-06-24,-96.0,24.0,577.5,,,,,,,,,-577.5,Sharjah,party_0327711795,div_1742449716,man_1964161347
AR-A0080,SI30,AL DHAFIR ELECT. & SANITARY WARE.(AR-A0080),2500489,ZAMEER ,ZAMEER ,2025-03-04,2025-07-02,-104.0,16.0,472.5,,,,,,,,,-472.5,Sharjah,party_0327711795,div_1742449716,man_1964161347
AR-A0080,SI30,AL DHAFIR ELECT. & SANITARY WARE.(AR-A0080),2914,ZAMEER ,ZAMEER ,2024-10-19,2025-02-16,32.0,152.0,,,,,,3953.25,,,,-3953.25,Sharjah,party_0327711795,div_1742449716,man_1964161347
AR-A0080,SI30,AL DHAFIR ELECT. & SANITARY WARE.(AR-A0080),2500239,ZAMEER ,ZAMEER ,2025-01-29,2025-05-29,-70.0,50.0,,1522.5,,,,,,,,-1522.5,Sharjah,party_0327711795,div_1742449716,man_1964161347
AR-A0080,SI30,AL DHAFIR ELECT. & SANITARY WARE.(AR-A0080),2500182,ZAMEER ,ZAMEER ,2025-01-21,2025-05-21,-62.0,58.0,,1968.75,,,,,,,,-1968.75,Sharjah,party_0327711795,div_1742449716,man_1964161347
AR-A0080,SI30,AL DHAFIR ELECT. & SANITARY WARE.(AR-A0080),2500626,ZAMEER ,ZAMEER ,2025-03-19,2025-07-17,-119.0,1.0,1039.5,,,,,,,,,-1039.5,Sharjah,party_0327711795,div_1742449716,man_1964161347
AR-A0080,SI30,AL DHAFIR ELECT. & SANITARY WARE.(AR-A0080),3353,ZAMEER ,ZAMEER ,2024-12-17,2025-04-16,-27.0,93.0,,,,5512.5,,,,,,-5512.5,Sharjah,party_0327711795,div_1742449716,man_1964161347
AR-A0080,SI30,AL DHAFIR ELECT. & SANITARY WARE.(AR-A0080),2500576,ZAMEER ,ZAMEER ,2025-03-12,2025-07-10,-112.0,8.0,1260.0,,,,,,,,,-1260.0,Sharjah,party_0327711795,div_1742449716,man_1964161347
AR-A0080,SI30,AL DHAFIR ELECT. & SANITARY WARE.(AR-A0080),3234,ZAMEER ,ZAMEER ,2024-12-04,2025-04-03,-14.0,106.0,,,,3176.25,,,,,,-3176.25,Sharjah,party_0327711795,div_1742449716,man_1964161347
AR-A0080,SI30,AL DHAFIR ELECT. & SANITARY WARE.(AR-A0080),2500094,ZAMEER ,ZAMEER ,2025-01-10,2025-05-10,-51.0,69.0,,,1039.5,,,,,,,-1039.5,Sharjah,party_0327711795,div_1742449716,man_1964161347
AR-A0080,SI30,AL DHAFIR ELECT. & SANITARY WARE.(AR-A0080),2500101,ZAMEER ,ZAMEER ,2025-01-11,2025-05-11,-52.0,68.0,,,6830.25,,,,,,,-6830.25,Sharjah,party_0327711795,div_1742449716,man_1964161347
AR-A0080,SI30,AL DHAFIR ELECT. & SANITARY WARE.(AR-A0080),3110,ZAMEER ,ZAMEER ,2024-11-14,2025-03-14,6.0,126.0,,,,,6384.0,,,,,-6384.0,Sharjah,party_0327711795,div_1742449716,man_1964161347
AR-A0080,SI30,AL DHAFIR ELECT. & SANITARY WARE.(AR-A0080),2500364,ZAMEER ,ZAMEER ,2025-02-15,2025-06-15,-87.0,33.0,,1522.5,,,,,,,,-1522.5,Sharjah,party_0327711795,div_1742449716,man_1964161347
AR-A0080,SI30,AL DHAFIR ELECT. & SANITARY WARE.(AR-A0080),3074,ZAMEER ,ZAMEER ,2024-11-09,2025-03-09,11.0,131.0,,,,,2493.75,,,,,-2493.75,Sharjah,party_0327711795,div_1742449716,man_1964161347
AR-A0081,JV10,AL DHAFRA INTERNATIONAL PROJECT GROUP(AR-A0081),Opb:OPB-9912,AJIMAL ,,2021-07-10,2021-10-08,1259.0,1349.0,,,,,,,,538.65,,-538.65,HO,party_0875172505,div_2006915470,man_0110721370
AR-A0084,JV10,AL DIAR DANA HOTEL(AR-A0084),Opb:OPB-9917,SAFEER,,2021-05-27,2021-05-27,1393.0,1393.0,,,,,,,,2450.18,,-2450.18,HO,party_0028292944,div_2006915470,man_0110721370
AR-A0088,JV10,AL FANAR GENERAL CONTRACTING.LLC(AR-A0088),Opb:OPB-9992,SAFEER,,2018-04-03,2018-04-03,2543.0,2543.0,,,,,,,,933.19,,-933.19,HO,party_1399140564,div_2006915470,man_0110721370
AR-A0088,JV10,AL FANAR GENERAL CONTRACTING.LLC(AR-A0088),Opb:OPB-9993,SAFEER,,2018-08-31,2018-08-31,2393.0,2393.0,,,,,,,,2275.53,,-2275.53,HO,party_1399140564,div_2006915470,man_0110721370
AR-A0088,JV10,AL FANAR GENERAL CONTRACTING.LLC(AR-A0088),Opb:OPB-9994,SAFEER,,2018-12-22,2018-12-22,2280.0,2280.0,,,,,,,,2244.58,,-2244.58,HO,party_1399140564,div_2006915470,man_0110721370
AR-A0089,SI30,AL FATIMI HARDWARE TRADING.(AR-A0089),3262,ZAMEER ,ZAMEER ,2024-12-07,2025-04-06,-17.0,103.0,,,,1837.5,,,,,,-1837.5,Sharjah,party_1750579508,div_1742449716,man_1964161347
AR-A0089,SI30,AL FATIMI HARDWARE TRADING.(AR-A0089),2500515,ZAMEER ,ZAMEER ,2025-03-06,2025-07-04,-106.0,14.0,1837.5,,,,,,,,,-1837.5,Sharjah,party_1750579508,div_1742449716,man_1964161347
AR-A0089,SI30,AL FATIMI HARDWARE TRADING.(AR-A0089),2500289,ZAMEER ,ZAMEER ,2025-02-04,2025-06-04,-76.0,44.0,,357.0,,,,,,,,-357.0,Sharjah,party_1750579508,div_1742449716,man_1964161347
AR-A0089,SI30,AL FATIMI HARDWARE TRADING.(AR-A0089),2500413,ZAMEER ,ZAMEER ,2025-02-22,2025-06-22,-94.0,26.0,1837.5,,,,,,,,,-1837.5,Sharjah,party_1750579508,div_1742449716,man_1964161347
AR-A0089,SI30,AL FATIMI HARDWARE TRADING.(AR-A0089),2500585,ZAMEER ,ZAMEER ,2025-03-13,2025-07-11,-113.0,7.0,2283.75,,,,,,,,,-2283.75,Sharjah,party_1750579508,div_1742449716,man_1964161347
AR-A0089,SI30,AL FATIMI HARDWARE TRADING.(AR-A0089),2500066,ZAMEER ,ZAMEER ,2025-01-06,2025-05-06,-47.0,73.0,,,14978.25,,,,,,,-14978.25,Sharjah,party_1750579508,div_1742449716,man_1964161347
AR-A0090,SI30,AL FAYDH SANITARY & PAINT WARE TRDG.(AR-A0090),2500581,ZAMEER ,ZAMEER ,2025-03-13,2025-07-11,-113.0,7.0,1260.0,,,,,,,,,-1260.0,Sharjah,party_0562237274,div_1742449716,man_1964161347
AR-A0090,SI30,AL FAYDH SANITARY & PAINT WARE TRDG.(AR-A0090),2500286,ZAMEER ,ZAMEER ,2025-02-04,2025-06-04,-76.0,44.0,,1197.0,,,,,,,,-1197.0,Sharjah,party_0562237274,div_1742449716,man_1964161347
AR-A0090,SI30,AL FAYDH SANITARY & PAINT WARE TRDG.(AR-A0090),2500642,ZAMEER ,ZAMEER ,2025-03-20,2025-07-18,-120.0,,2178.75,,,,,,,,,-2178.75,Sharjah,party_0562237274,div_1742449716,man_1964161347
AR-A0093,OSI10,AL FORSAN INTERNATIONAL SPORTS RESORT(AR-A0093),2500029,NEVIN K,NEVIN K,2025-01-20,2025-04-20,-31.0,59.0,,2703.75,,,,,,,,-2703.75,HO,party_0070844522,div_2006915470,man_0832785071
AR-A0093,OSI10,AL FORSAN INTERNATIONAL SPORTS RESORT(AR-A0093),3450,NEVIN K,NEVIN K,2024-11-29,2025-02-27,21.0,111.0,,,,4866.75,,,,,,-4866.75,HO,party_0070844522,div_2006915470,man_0832785071
AR-A0094,OSI10,AL GEEMI CONTRACTING COMPANY L.L.C.(AR-A0094),3214,ASHIK,RIYAS M,2024-10-07,2025-01-05,74.0,164.0,,,,,,3433.5,,,,-3433.5,HO,party_1690555879,div_2006915470,man_2030811350
AR-A0094,OSI10,AL GEEMI CONTRACTING COMPANY L.L.C.(AR-A0094),3327,ASHIK,RIYAS M,2024-10-21,2025-01-19,60.0,150.0,,,,,,2762.55,,,,-2762.55,HO,party_1690555879,div_2006915470,man_2030811350
AR-A0094,OSI10,AL GEEMI CONTRACTING COMPANY L.L.C.(AR-A0094),3357,ASHIK,RIYAS M,2024-10-31,2025-01-29,50.0,140.0,,,,,650.48,,,,,-650.48,HO,party_1690555879,div_2006915470,man_2030811350
AR-A0094,OSI10,AL GEEMI CONTRACTING COMPANY L.L.C.(AR-A0094),2500102,ASHIK,ASHIK,2025-02-13,2025-05-14,-55.0,35.0,,404.25,,,,,,,,-404.25,HO,party_1690555879,div_2006915470,man_0276416957
AR-A0096,SI30,AL GUFFAL TRADING EST.(AR-A0096),3071,ZAMEER ,ZAMEER ,2024-11-09,2025-03-09,11.0,131.0,,,,,472.5,,,,,-472.5,Sharjah,party_1498220188,div_1742449716,man_1964161347
AR-A0096,SI30,AL GUFFAL TRADING EST.(AR-A0096),2500118,ZAMEER ,ZAMEER ,2025-01-13,2025-05-13,-54.0,66.0,,,472.5,,,,,,,-472.5,Sharjah,party_1498220188,div_1742449716,man_1964161347
AR-A0098,SI40,AL HADHOUDH TRADING CONT. EST(AR-A0098),2500069,ABDUL SATHAR,ABDUL SATHAR,2025-01-24,2025-05-24,-65.0,55.0,,907.2,,,,,,,,-907.2,Branch 2,party_1603301820,div_0097926054,man_0427457728
AR-A0100,JV20,AL HASOUN SHAMKA(AR-A0100),Opb:OPB-25588,JAFEER ,,2019-09-14,2019-09-14,2014.0,2014.0,,,,,,,,7432.0,,-7432.0,MCJ,party_1082459843,div_0556003793,man_0110721370
AR-A0100,JV20,AL HASOUN SHAMKA(AR-A0100),Opb:OPB-25590,JAFEER ,,2019-10-03,2019-10-03,1995.0,1995.0,,,,,,,,414.75,,-414.75,MCJ,party_1082459843,div_0556003793,man_0110721370
AR-A0100,JV20,AL HASOUN SHAMKA(AR-A0100),Opb:OPB-25591,JAFEER ,,2019-10-07,2019-10-07,1991.0,1991.0,,,,,,,,1680.0,,-1680.0,MCJ,party_1082459843,div_0556003793,man_0110721370
AR-A0105,SI30,AL INARA BUILDING MATERIALS TRADING(AR-A0105),2500188,ZAMEER ,ZAMEER ,2025-01-22,2025-02-21,27.0,57.0,,325.5,,,,,,,,-325.5,Sharjah,party_2143245378,div_1742449716,man_1964161347
AR-A0105,SI30,AL INARA BUILDING MATERIALS TRADING(AR-A0105),3360,ZAMEER ,ZAMEER ,2024-12-18,2025-01-17,62.0,92.0,,,,1837.5,,,,,,-1837.5,Sharjah,party_2143245378,div_1742449716,man_1964161347
AR-A0109,OSI10,AL JARAF FISHERIES LLC(AR-A0109),2500108,SREERAJ,RIYAS M,2025-02-26,2025-05-27,-68.0,22.0,1876.35,,,,,,,,,-1876.35,HO,party_1261822864,div_2006915470,man_2030811350
AR-A0109,OSI10,AL JARAF FISHERIES LLC(AR-A0109),2500137,SREERAJ,SREERAJ,2025-03-04,2025-06-02,-74.0,16.0,287.85,,,,,,,,,-287.85,HO,party_1261822864,div_2006915470,man_1205136833
AR-A0109,OSI10,AL JARAF FISHERIES LLC(AR-A0109),2798,SREERAJ,MAHAROOF ,2024-08-10,2024-11-08,132.0,222.0,,,,,,,,913.5,,-913.5,HO,party_1261822864,div_2006915470,man_1666262237
AR-A0109,OSI10,AL JARAF FISHERIES LLC(AR-A0109),3238,SREERAJ,RIYAS M,2024-10-01,2024-12-30,80.0,170.0,,,,,,1575.0,,,,-1575.0,HO,party_1261822864,div_2006915470,man_2030811350
AR-A0109,OSI10,AL JARAF FISHERIES LLC(AR-A0109),3239,SREERAJ,RIYAS M,2024-10-01,2024-12-30,80.0,170.0,,,,,,441.0,,,,-441.0,HO,party_1261822864,div_2006915470,man_2030811350
AR-A0109,OSI10,AL JARAF FISHERIES LLC(AR-A0109),3274,SREERAJ,RIYAS M,2024-10-12,2025-01-10,69.0,159.0,,,,,,340.2,,,,-340.2,HO,party_1261822864,div_2006915470,man_2030811350
AR-A0109,OSI10,AL JARAF FISHERIES LLC(AR-A0109),2862,SREERAJ,AJIMAL ,2024-08-01,2024-10-30,141.0,231.0,,,,,,,,562.28,,-562.28,HO,party_1261822864,div_2006915470,man_1437910147
AR-A0109,OSI10,AL JARAF FISHERIES LLC(AR-A0109),2969,SREERAJ,AJIMAL ,2024-08-19,2024-11-17,123.0,213.0,,,,,,,,1182.31,,-1182.31,HO,party_1261822864,div_2006915470,man_1437910147
AR-A0109,OSI10,AL JARAF FISHERIES LLC(AR-A0109),2851,SREERAJ,MAHAROOF ,2024-07-31,2024-10-29,142.0,232.0,,,,,,,,1671.6,,-1671.6,HO,party_1261822864,div_2006915470,man_1666262237
AR-A0109,OSI10,AL JARAF FISHERIES LLC(AR-A0109),3027,SREERAJ,AJIMAL ,2024-08-31,2024-11-29,111.0,201.0,,,,,,,105.0,,,-105.0,HO,party_1261822864,div_2006915470,man_1437910147
AR-A0111,SI30,AL JAZAA ELECT & SANITARY MATERIALS TRADE LLC(AR-A0111),2500036,RINSHAD M U,RINSHAD M U,2025-01-03,2025-05-03,-44.0,76.0,,,651.0,,,,,,,-651.0,Sharjah,party_0650182694,div_1742449716,man_0298694519
AR-A0111,SI30,AL JAZAA ELECT & SANITARY MATERIALS TRADE LLC(AR-A0111),2500372,RINSHAD M U,RINSHAD M U,2025-02-17,2025-06-17,-89.0,31.0,,703.5,,,,,,,,-703.5,Sharjah,party_0650182694,div_1742449716,man_0298694519
AR-A0111,SI30,AL JAZAA ELECT & SANITARY MATERIALS TRADE LLC(AR-A0111),2500278,RINSHAD M U,ZAMEER ,2025-02-03,2025-06-03,-75.0,45.0,,945.0,,,,,,,,-945.0,Sharjah,party_0650182694,div_1742449716,man_1964161347
AR-A0116,SI30,AL KHAFGI SANITARY & ELECT. TOOLS TRDG.(AR-A0116),2500531,ZAMEER ,ZAMEER ,2025-03-08,2025-07-06,-108.0,12.0,630.0,,,,,,,,,-630.0,Sharjah,party_0967816612,div_1742449716,man_1964161347
AR-A0117,SI20,AL KHARASANA CONTRACTING AND GENERAL MAINTANENCE(AR-A0117),1203,RINSHAD T K,RINSHAD T K,2024-01-31,2024-03-31,354.0,414.0,,,,,,,,504.0,,-504.0,MCJ,party_1796810665,div_0556003793,man_2128340233
AR-A0117,SI20,AL KHARASANA CONTRACTING AND GENERAL MAINTANENCE(AR-A0117),1204,RINSHAD T K,RINSHAD T K,2024-01-31,2024-03-31,354.0,414.0,,,,,,,,68.25,,-68.25,MCJ,party_1796810665,div_0556003793,man_2128340233
AR-A0117,SI20,AL KHARASANA CONTRACTING AND GENERAL MAINTANENCE(AR-A0117),1205,RINSHAD T K,RINSHAD T K,2024-01-31,2024-03-31,354.0,414.0,,,,,,,,136.5,,-136.5,MCJ,party_1796810665,div_0556003793,man_2128340233
AR-A0117,SI20,AL KHARASANA CONTRACTING AND GENERAL MAINTANENCE(AR-A0117),1206,RINSHAD T K,SAFEER M,2024-01-31,2024-03-31,354.0,414.0,,,,,,,,819.0,,-819.0,MCJ,party_1796810665,div_0556003793,man_1859775013
AR-A0117,SI20,AL KHARASANA CONTRACTING AND GENERAL MAINTANENCE(AR-A0117),1207,RINSHAD T K,RINSHAD T K,2024-01-31,2024-03-31,354.0,414.0,,,,,,,,2333.1,,-2333.1,MCJ,party_1796810665,div_0556003793,man_2128340233
AR-A0117,SI20,AL KHARASANA CONTRACTING AND GENERAL MAINTANENCE(AR-A0117),Sal:CRMCJ23-02896,RINSHAD T K,,2023-12-30,2024-02-28,386.0,446.0,,,,,,,,1.0,,-1.0,MCJ,party_1796810665,div_0556003793,man_0110721370
AR-A0117,SI20,AL KHARASANA CONTRACTING AND GENERAL MAINTANENCE(AR-A0117),Sal:CRMCJ23-02616,RINSHAD T K,,2023-11-29,2024-01-28,417.0,477.0,,,,,,,,682.5,,-682.5,MCJ,party_1796810665,div_0556003793,man_0110721370
AR-A0117,SI20,AL KHARASANA CONTRACTING AND GENERAL MAINTANENCE(AR-A0117),Sal:CRMCJ23-02617,RINSHAD T K,,2023-11-29,2024-01-28,417.0,477.0,,,,,,,,2688.0,,-2688.0,MCJ,party_1796810665,div_0556003793,man_0110721370
AR-A0117,SI20,AL KHARASANA CONTRACTING AND GENERAL MAINTANENCE(AR-A0117),Sal:CRMCJ23-02618,RINSHAD T K,,2023-11-29,2024-01-28,417.0,477.0,,,,,,,,577.5,,-577.5,MCJ,party_1796810665,div_0556003793,man_0110721370
AR-A0117,SI20,AL KHARASANA CONTRACTING AND GENERAL MAINTANENCE(AR-A0117),Sal:CRMCJ23-02619,RINSHAD T K,,2023-11-29,2024-01-28,417.0,477.0,,,,,,,,304.5,,-304.5,MCJ,party_1796810665,div_0556003793,man_0110721370
AR-A0117,SI20,AL KHARASANA CONTRACTING AND GENERAL MAINTANENCE(AR-A0117),Sal:CRMCJ23-02319,RINSHAD T K,,2023-10-25,2023-12-24,452.0,512.0,,,,,,,,1859.55,,-1859.55,MCJ,party_1796810665,div_0556003793,man_0110721370
AR-A0117,SI20,AL KHARASANA CONTRACTING AND GENERAL MAINTANENCE(AR-A0117),Sal:CRMCJ23-02330,RINSHAD T K,,2023-10-25,2023-12-24,452.0,512.0,,,,,,,,1958.25,,-1958.25,MCJ,party_1796810665,div_0556003793,man_0110721370
AR-A0117,SI20,AL KHARASANA CONTRACTING AND GENERAL MAINTANENCE(AR-A0117),1874,RINSHAD T K,RINSHAD T K,2024-05-30,2024-07-29,234.0,294.0,,,,,,,,483.0,,-483.0,MCJ,party_1796810665,div_0556003793,man_2128340233
AR-A0117,SI20,AL KHARASANA CONTRACTING AND GENERAL MAINTANENCE(AR-A0117),Sal:CRMCJ23-02612,RINSHAD T K,,2023-11-29,2024-01-28,417.0,477.0,,,,,,,,2373.0,,-2373.0,MCJ,party_1796810665,div_0556003793,man_0110721370
AR-A0117,SI20,AL KHARASANA CONTRACTING AND GENERAL MAINTANENCE(AR-A0117),Sal:CRMCJ23-02613,RINSHAD T K,,2023-11-29,2024-01-28,417.0,477.0,,,,,,,,4221.0,,-4221.0,MCJ,party_1796810665,div_0556003793,man_0110721370
AR-A0117,SI20,AL KHARASANA CONTRACTING AND GENERAL MAINTANENCE(AR-A0117),Sal:CRMCJ23-02614,RINSHAD T K,,2023-11-29,2024-01-28,417.0,477.0,,,,,,,,252.0,,-252.0,MCJ,party_1796810665,div_0556003793,man_0110721370
AR-A0117,SI20,AL KHARASANA CONTRACTING AND GENERAL MAINTANENCE(AR-A0117),Sal:CRMCJ23-02615,RINSHAD T K,,2023-11-29,2024-01-28,417.0,477.0,,,,,,,,9833.25,,-9833.25,MCJ,party_1796810665,div_0556003793,man_0110721370
AR-A0117,SI20,AL KHARASANA CONTRACTING AND GENERAL MAINTANENCE(AR-A0117),1138,RINSHAD T K,RISHAD C,2024-01-25,2024-03-25,360.0,420.0,,,,,,,,2887.5,,-2887.5,MCJ,party_1796810665,div_0556003793,man_1841802797
AR-A0117,SI20,AL KHARASANA CONTRACTING AND GENERAL MAINTANENCE(AR-A0117),1139,RINSHAD T K,RISHAD C,2024-01-25,2024-03-25,360.0,420.0,,,,,,,,504.0,,-504.0,MCJ,party_1796810665,div_0556003793,man_1841802797
AR-A0120,SI30,AL MADINA GARDEN . SATWA(AR-A0120),2500185,ZAMEER ,ZAMEER ,2025-01-22,2025-05-22,-63.0,57.0,,3018.75,,,,,,,,-3018.75,Sharjah,party_1295725928,div_1742449716,man_1964161347
AR-A0122,SI40,AL MAJARRAH EQUIPMENT CO.LLC(AR-A0122),2500003,ABDUL SATHAR,ABDUL SATHAR,2025-01-17,2025-04-17,-28.0,62.0,,,262.5,,,,,,,-262.5,Branch 2,party_1499994438,div_0097926054,man_0427457728
AR-A0122,SI40,AL MAJARRAH EQUIPMENT CO.LLC(AR-A0122),2500028,ABDUL SATHAR,ABDUL SATHAR,2025-01-17,2025-04-17,-28.0,62.0,,,252.0,,,,,,,-252.0,Branch 2,party_1499994438,div_0097926054,man_0427457728
AR-A0122,SI40,AL MAJARRAH EQUIPMENT CO.LLC(AR-A0122),2500082,ABDUL SATHAR,ABDUL SATHAR,2025-01-25,2025-04-25,-36.0,54.0,,630.0,,,,,,,,-630.0,Branch 2,party_1499994438,div_0097926054,man_0427457728
AR-A0122,SI40,AL MAJARRAH EQUIPMENT CO.LLC(AR-A0122),2500008,ABDUL SATHAR,ABDUL SATHAR,2025-01-17,2025-04-17,-28.0,62.0,,,2047.5,,,,,,,-2047.5,Branch 2,party_1499994438,div_0097926054,man_0427457728
AR-A0122,SI40,AL MAJARRAH EQUIPMENT CO.LLC(AR-A0122),2500058,ABDUL SATHAR,ABDUL SATHAR,2025-01-20,2025-04-20,-31.0,59.0,,1197.0,,,,,,,,-1197.0,Branch 2,party_1499994438,div_0097926054,man_0427457728
AR-A0122,SI40,AL MAJARRAH EQUIPMENT CO.LLC(AR-A0122),2500223,ABDUL SATHAR,ABDUL SATHAR,2025-02-19,2025-05-20,-61.0,29.0,262.5,,,,,,,,,-262.5,Branch 2,party_1499994438,div_0097926054,man_0427457728
AR-A0122,SI40,AL MAJARRAH EQUIPMENT CO.LLC(AR-A0122),2500286,ABDUL SATHAR,ABDUL SATHAR,2025-03-04,2025-06-02,-74.0,16.0,157.5,,,,,,,,,-157.5,Branch 2,party_1499994438,div_0097926054,man_0427457728
AR-A0122,SI20,AL MAJARRAH EQUIPMENT CO.LLC(AR-A0122),2500421,ABDUL SATHAR,RINSHAD T K,2025-03-19,2025-05-18,-59.0,1.0,320.25,,,,,,,,,-320.25,MCJ,party_1499994438,div_0556003793,man_2128340233
AR-A0128,OSI10,AL MARIAH UNITED GROUP(AR-A0128),2500056,ANSAR ,ASHIK,2025-01-31,2025-05-01,-42.0,48.0,,253.05,,,,,,,,-253.05,HO,party_2069428991,div_2006915470,man_0276416957
AR-A0128,OSI10,AL MARIAH UNITED GROUP(AR-A0128),2500021,ANSAR ,RIYAS M,2025-01-14,2025-04-14,-25.0,65.0,,,882.0,,,,,,,-882.0,HO,party_2069428991,div_2006915470,man_2030811350
AR-A0128,OSI10,AL MARIAH UNITED GROUP(AR-A0128),3217,ANSAR ,RIYAS M,2024-10-09,2025-01-07,72.0,162.0,,,,,,619.5,,,,-619.5,HO,party_2069428991,div_2006915470,man_2030811350
AR-A0128,OSI10,AL MARIAH UNITED GROUP(AR-A0128),3218,ANSAR ,RIYAS M,2024-10-09,2025-01-07,72.0,162.0,,,,,,169.05,,,,-169.05,HO,party_2069428991,div_2006915470,man_2030811350
AR-A0128,OSI10,AL MARIAH UNITED GROUP(AR-A0128),3219,ANSAR ,RIYAS M,2024-10-09,2025-01-07,72.0,162.0,,,,,,1071.0,,,,-1071.0,HO,party_2069428991,div_2006915470,man_2030811350
AR-A0128,OSI10,AL MARIAH UNITED GROUP(AR-A0128),3575,ANSAR ,RIYAS M,2024-12-31,2025-03-31,-11.0,79.0,,,897.12,,,,,,,-897.12,HO,party_2069428991,div_2006915470,man_2030811350
AR-A0128,OSI10,AL MARIAH UNITED GROUP(AR-A0128),3505,ANSAR ,RIYAS M,2024-12-05,2025-03-05,15.0,105.0,,,,588.0,,,,,,-588.0,HO,party_2069428991,div_2006915470,man_2030811350
AR-A0128,OSI10,AL MARIAH UNITED GROUP(AR-A0128),3269,ANSAR ,RIYAS M,2024-10-16,2025-01-14,65.0,155.0,,,,,,556.08,,,,-556.08,HO,party_2069428991,div_2006915470,man_2030811350
AR-A0128,OSI10,AL MARIAH UNITED GROUP(AR-A0128),3270,ANSAR ,RIYAS M,2024-10-16,2025-01-14,65.0,155.0,,,,,,2053.8,,,,-2053.8,HO,party_2069428991,div_2006915470,man_2030811350
AR-A0128,OSI10,AL MARIAH UNITED GROUP(AR-A0128),3271,ANSAR ,RIYAS M,2024-10-16,2025-01-14,65.0,155.0,,,,,,1390.73,,,,-1390.73,HO,party_2069428991,div_2006915470,man_2030811350
AR-A0129,SI30,AL MARIFA BLDG. MAT.TR.LLC(AR-A0129),2500602,RINSHAD M U,RINSHAD M U,2025-03-15,2025-05-14,-55.0,5.0,1228.5,,,,,,,,,-1228.5,Sharjah,party_1705917216,div_1742449716,man_0298694519
AR-A0132,SI20,AL MASAOOD LLC(AR-A0132),2986,RINSHAD T K,RINSHAD T K,2024-12-20,2025-02-18,30.0,90.0,,,,7644.0,,,,,,-7644.0,MCJ,party_1772870483,div_0556003793,man_2128340233
AR-A0132,SI20,AL MASAOOD LLC(AR-A0132),2987,RINSHAD T K,RINSHAD T K,2024-12-20,2025-02-18,30.0,90.0,,,,9261.0,,,,,,-9261.0,MCJ,party_1772870483,div_0556003793,man_2128340233
AR-A0132,SI20,AL MASAOOD LLC(AR-A0132),2500251,RINSHAD T K,RINSHAD T K,2025-02-18,2025-04-19,-30.0,30.0,,997.5,,,,,,,,-997.5,MCJ,party_1772870483,div_0556003793,man_2128340233
AR-A0132,SI20,AL MASAOOD LLC(AR-A0132),2500026,RINSHAD T K,SAFEER M,2025-01-09,2025-03-10,10.0,70.0,,,1522.5,,,,,,,-1522.5,MCJ,party_1772870483,div_0556003793,man_1859775013
AR-A0132,SI20,AL MASAOOD LLC(AR-A0132),2500395,RINSHAD T K,RINSHAD T K,2025-03-13,2025-05-12,-53.0,7.0,5276.25,,,,,,,,,-5276.25,MCJ,party_1772870483,div_0556003793,man_2128340233
AR-A0132,SI20,AL MASAOOD LLC(AR-A0132),2950,RINSHAD T K,RINSHAD T K,2024-12-12,2025-02-10,38.0,98.0,,,,4123.35,,,,,,-4123.35,MCJ,party_1772870483,div_0556003793,man_2128340233
AR-A0132,SI20,AL MASAOOD LLC(AR-A0132),2500187,RINSHAD T K,RINSHAD T K,2025-02-05,2025-04-06,-17.0,43.0,,8426.25,,,,,,,,-8426.25,MCJ,party_1772870483,div_0556003793,man_2128340233
AR-A0132,SI20,AL MASAOOD LLC(AR-A0132),2500110,RINSHAD T K,RINSHAD T K,2025-01-25,2025-03-26,-6.0,54.0,,1890.0,,,,,,,,-1890.0,MCJ,party_1772870483,div_0556003793,man_2128340233
AR-A0132,SI20,AL MASAOOD LLC(AR-A0132),2500388,RINSHAD T K,RINSHAD T K,2025-03-13,2025-05-12,-53.0,7.0,2268.0,,,,,,,,,-2268.0,MCJ,party_1772870483,div_0556003793,man_2128340233
AR-A0132,SI20,AL MASAOOD LLC(AR-A0132),2500301,RINSHAD T K,RINSHAD T K,2025-02-27,2025-04-28,-39.0,21.0,4683.0,,,,,,,,,-4683.0,MCJ,party_1772870483,div_0556003793,man_2128340233
AR-A0134,JV10,AL MOOSA OWNERS ASSOCIATION MANAGEMENT SERVICES L.L.C.(AR-A0134),Opb:OPB-24675,SAFEER,,2019-09-17,2019-09-17,2011.0,2011.0,,,,,,,,598.5,,-598.5,HO,party_0310499337,div_2006915470,man_0110721370
AR-A0134,JV10,AL MOOSA OWNERS ASSOCIATION MANAGEMENT SERVICES L.L.C.(AR-A0134),Opb:OPB-24676,SAFEER,,2020-06-25,2020-06-25,1729.0,1729.0,,,,,,,,976.5,,-976.5,HO,party_0310499337,div_2006915470,man_0110721370
AR-A0134,JV10,AL MOOSA OWNERS ASSOCIATION MANAGEMENT SERVICES L.L.C.(AR-A0134),Opb:OPB-24677,SAFEER,,2020-06-25,2020-06-25,1729.0,1729.0,,,,,,,,976.5,,-976.5,HO,party_0310499337,div_2006915470,man_0110721370
AR-A0135,SI30,AL MOQAM BUILDING MATERIALS TRADING L.L.C.(AR-A0135),3195,ZAMEER ,ZAMEER ,2024-11-27,2025-03-27,-7.0,113.0,,,,1417.5,,,,,,-1417.5,Sharjah,party_1238245475,div_1742449716,man_1964161347
AR-A0135,SI30,AL MOQAM BUILDING MATERIALS TRADING L.L.C.(AR-A0135),2500054,ZAMEER ,ZAMEER ,2025-01-04,2025-05-04,-45.0,75.0,,,2383.5,,,,,,,-2383.5,Sharjah,party_1238245475,div_1742449716,man_1964161347
AR-A0135,SI30,AL MOQAM BUILDING MATERIALS TRADING L.L.C.(AR-A0135),3109,ZAMEER ,ZAMEER ,2024-11-14,2025-03-14,6.0,126.0,,,,,1758.75,,,,,-1758.75,Sharjah,party_1238245475,div_1742449716,man_1964161347
AR-A0135,SI30,AL MOQAM BUILDING MATERIALS TRADING L.L.C.(AR-A0135),2906,ZAMEER ,ZAMEER ,2024-10-18,2025-02-15,33.0,153.0,,,,,,1228.5,,,,-1228.5,Sharjah,party_1238245475,div_1742449716,man_1964161347
AR-A0135,SI30,AL MOQAM BUILDING MATERIALS TRADING L.L.C.(AR-A0135),2982,ZAMEER ,ZAMEER ,2024-10-28,2025-02-25,23.0,143.0,,,,,1449.0,,,,,-1449.0,Sharjah,party_1238245475,div_1742449716,man_1964161347
AR-A0135,SI30,AL MOQAM BUILDING MATERIALS TRADING L.L.C.(AR-A0135),2797,ZAMEER ,ZAMEER ,2024-10-04,2025-02-01,47.0,167.0,,,,,,2609.25,,,,-2609.25,Sharjah,party_1238245475,div_1742449716,man_1964161347
AR-A0135,SI30,AL MOQAM BUILDING MATERIALS TRADING L.L.C.(AR-A0135),3297,ZAMEER ,ZAMEER ,2024-12-11,2025-04-10,-21.0,99.0,,,,651.0,,,,,,-651.0,Sharjah,party_1238245475,div_1742449716,man_1964161347
AR-A0135,SI30,AL MOQAM BUILDING MATERIALS TRADING L.L.C.(AR-A0135),2500550,ZAMEER ,ZAMEER ,2025-03-10,2025-07-08,-110.0,10.0,1407.0,,,,,,,,,-1407.0,Sharjah,party_1238245475,div_1742449716,man_1964161347
AR-A0136,SI20,AL MUAWIN IMPORTING&TRADING(AR-A0136),2500297,RINSHAD T K,RINSHAD T K,2025-02-25,2025-04-26,-37.0,23.0,661.5,,,,,,,,,-661.5,MCJ,party_0255810495,div_0556003793,man_2128340233
AR-A0137,SI30,AL MUNAWAR BUILDING TOOLS AND HARDWARE TRADING LLC(AR-A0137),2500259,RINSHAD M U,ZAMEER ,2025-02-01,2025-06-01,-73.0,47.0,,2446.5,,,,,,,,-2446.5,Sharjah,party_1450884038,div_1742449716,man_1964161347
AR-A0137,SI30,AL MUNAWAR BUILDING TOOLS AND HARDWARE TRADING LLC(AR-A0137),2500338,RINSHAD M U,ZAMEER ,2025-02-11,2025-06-11,-83.0,37.0,,840.0,,,,,,,,-840.0,Sharjah,party_1450884038,div_1742449716,man_1964161347
AR-A0137,SI30,AL MUNAWAR BUILDING TOOLS AND HARDWARE TRADING LLC(AR-A0137),2500284,RINSHAD M U,ZAMEER ,2025-02-04,2025-06-04,-76.0,44.0,,556.5,,,,,,,,-556.5,Sharjah,party_1450884038,div_1742449716,man_1964161347
AR-A0137,SI30,AL MUNAWAR BUILDING TOOLS AND HARDWARE TRADING LLC(AR-A0137),2500231,RINSHAD M U,ZAMEER ,2025-01-28,2025-05-28,-69.0,51.0,,4131.75,,,,,,,,-4131.75,Sharjah,party_1450884038,div_1742449716,man_1964161347
AR-A0137,SI30,AL MUNAWAR BUILDING TOOLS AND HARDWARE TRADING LLC(AR-A0137),2500243,RINSHAD M U,ZAMEER ,2025-01-30,2025-05-30,-71.0,49.0,,745.5,,,,,,,,-745.5,Sharjah,party_1450884038,div_1742449716,man_1964161347
AR-A0137,SI30,AL MUNAWAR BUILDING TOOLS AND HARDWARE TRADING LLC(AR-A0137),2500500,RINSHAD M U,RINSHAD M U,2025-03-05,2025-07-03,-105.0,15.0,1050.0,,,,,,,,,-1050.0,Sharjah,party_1450884038,div_1742449716,man_0298694519
AR-A0137,SI30,AL MUNAWAR BUILDING TOOLS AND HARDWARE TRADING LLC(AR-A0137),3291,RINSHAD M U,RINSHAD M U,2024-12-11,2025-04-10,-21.0,99.0,,,,577.5,,,,,,-577.5,Sharjah,party_1450884038,div_1742449716,man_0298694519
AR-A0139,SI30,AL MUSHTARI BUILDING MATERIALS. L.L.C. SATWA(AR-A0139),3390,ZAMEER ,ZAMEER ,2024-12-23,2025-04-22,-33.0,87.0,,,1102.5,,,,,,,-1102.5,Sharjah,party_1863987105,div_1742449716,man_1964161347
AR-A0139,SI30,AL MUSHTARI BUILDING MATERIALS. L.L.C. SATWA(AR-A0139),2500041,ZAMEER ,ZAMEER ,2025-01-04,2025-05-04,-45.0,75.0,,,1071.0,,,,,,,-1071.0,Sharjah,party_1863987105,div_1742449716,man_1964161347
AR-A0139,SI30,AL MUSHTARI BUILDING MATERIALS. L.L.C. SATWA(AR-A0139),2500580,ZAMEER ,ZAMEER ,2025-03-13,2025-07-11,-113.0,7.0,1281.0,,,,,,,,,-1281.0,Sharjah,party_1863987105,div_1742449716,man_1964161347
AR-A0139,SI30,AL MUSHTARI BUILDING MATERIALS. L.L.C. SATWA(AR-A0139),2500549,ZAMEER ,ZAMEER ,2025-03-10,2025-07-08,-110.0,10.0,2945.25,,,,,,,,,-2945.25,Sharjah,party_1863987105,div_1742449716,man_1964161347
AR-A0139,SI30,AL MUSHTARI BUILDING MATERIALS. L.L.C. SATWA(AR-A0139),2992,ZAMEER ,ZAMEER ,2024-10-29,2025-02-26,22.0,142.0,,,,,1317.75,,,,,-1317.75,Sharjah,party_1863987105,div_1742449716,man_1964161347
AR-A0139,SI30,AL MUSHTARI BUILDING MATERIALS. L.L.C. SATWA(AR-A0139),3051,ZAMEER ,ZAMEER ,2024-11-06,2025-03-06,14.0,134.0,,,,,945.0,,,,,-945.0,Sharjah,party_1863987105,div_1742449716,man_1964161347
AR-A0139,SI30,AL MUSHTARI BUILDING MATERIALS. L.L.C. SATWA(AR-A0139),2830,ZAMEER ,ZAMEER ,2024-10-08,2025-02-05,43.0,163.0,,,,,,1706.25,,,,-1706.25,Sharjah,party_1863987105,div_1742449716,man_1964161347
AR-A0139,SI30,AL MUSHTARI BUILDING MATERIALS. L.L.C. SATWA(AR-A0139),2500498,ZAMEER ,ZAMEER ,2025-03-05,2025-07-03,-105.0,15.0,1023.75,,,,,,,,,-1023.75,Sharjah,party_1863987105,div_1742449716,man_1964161347
AR-A0139,SI30,AL MUSHTARI BUILDING MATERIALS. L.L.C. SATWA(AR-A0139),2500313,ZAMEER ,ZAMEER ,2025-02-07,2025-06-07,-79.0,41.0,,1790.25,,,,,,,,-1790.25,Sharjah,party_1863987105,div_1742449716,man_1964161347
AR-A0139,SI30,AL MUSHTARI BUILDING MATERIALS. L.L.C. SATWA(AR-A0139),2925,ZAMEER ,ZAMEER ,2024-10-21,2025-02-18,30.0,150.0,,,,,,2152.5,,,,-2152.5,Sharjah,party_1863987105,div_1742449716,man_1964161347
AR-A0139,SI30,AL MUSHTARI BUILDING MATERIALS. L.L.C. SATWA(AR-A0139),2912,ZAMEER ,ZAMEER ,2024-10-19,2025-02-16,32.0,152.0,,,,,,472.5,,,,-472.5,Sharjah,party_1863987105,div_1742449716,man_1964161347
AR-A0139,SI30,AL MUSHTARI BUILDING MATERIALS. L.L.C. SATWA(AR-A0139),2500180,ZAMEER ,ZAMEER ,2025-01-21,2025-05-21,-62.0,58.0,,3071.25,,,,,,,,-3071.25,Sharjah,party_1863987105,div_1742449716,man_1964161347
AR-A0139,SI30,AL MUSHTARI BUILDING MATERIALS. L.L.C. SATWA(AR-A0139),2500148,ZAMEER ,ZAMEER ,2025-01-16,2025-05-16,-57.0,63.0,,,1706.25,,,,,,,-1706.25,Sharjah,party_1863987105,div_1742449716,man_1964161347
AR-A0139,SI30,AL MUSHTARI BUILDING MATERIALS. L.L.C. SATWA(AR-A0139),2500078,ZAMEER ,ZAMEER ,2025-01-08,2025-05-08,-49.0,71.0,,,1438.5,,,,,,,-1438.5,Sharjah,party_1863987105,div_1742449716,man_1964161347
AR-A0139,SI30,AL MUSHTARI BUILDING MATERIALS. L.L.C. SATWA(AR-A0139),2500010,ZAMEER ,ZAMEER ,2025-01-02,2025-05-02,-43.0,77.0,,,1386.0,,,,,,,-1386.0,Sharjah,party_1863987105,div_1742449716,man_1964161347
AR-A0139,SI30,AL MUSHTARI BUILDING MATERIALS. L.L.C. SATWA(AR-A0139),2500002,ZAMEER ,ZAMEER ,2025-01-02,2025-05-02,-43.0,77.0,,,2625.0,,,,,,,-2625.0,Sharjah,party_1863987105,div_1742449716,man_1964161347
AR-A0139,SI30,AL MUSHTARI BUILDING MATERIALS. L.L.C. SATWA(AR-A0139),2500556,ZAMEER ,ZAMEER ,2025-03-11,2025-07-09,-111.0,9.0,1606.5,,,,,,,,,-1606.5,Sharjah,party_1863987105,div_1742449716,man_1964161347
AR-A0139,SI30,AL MUSHTARI BUILDING MATERIALS. L.L.C. SATWA(AR-A0139),2805,ZAMEER ,ZAMEER ,2024-10-05,2025-02-02,46.0,166.0,,,,,,945.0,,,,-945.0,Sharjah,party_1863987105,div_1742449716,man_1964161347
AR-A0139,SI30,AL MUSHTARI BUILDING MATERIALS. L.L.C. SATWA(AR-A0139),2500432,ZAMEER ,ZAMEER ,2025-02-25,2025-06-25,-97.0,23.0,2126.25,,,,,,,,,-2126.25,Sharjah,party_1863987105,div_1742449716,man_1964161347
AR-A0139,SI30,AL MUSHTARI BUILDING MATERIALS. L.L.C. SATWA(AR-A0139),2500302,ZAMEER ,ZAMEER ,2025-02-06,2025-06-06,-78.0,42.0,,1491.0,,,,,,,,-1491.0,Sharjah,party_1863987105,div_1742449716,man_1964161347
AR-A0139,SI30,AL MUSHTARI BUILDING MATERIALS. L.L.C. SATWA(AR-A0139),2968,ZAMEER ,ZAMEER ,2024-10-25,2025-02-22,26.0,146.0,,,,,850.5,,,,,-850.5,Sharjah,party_1863987105,div_1742449716,man_1964161347
AR-A0139,SI30,AL MUSHTARI BUILDING MATERIALS. L.L.C. SATWA(AR-A0139),2500135,ZAMEER ,ZAMEER ,2025-01-14,2025-05-14,-55.0,65.0,,,1155.0,,,,,,,-1155.0,Sharjah,party_1863987105,div_1742449716,man_1964161347
AR-A0139,SI30,AL MUSHTARI BUILDING MATERIALS. L.L.C. SATWA(AR-A0139),2500479,ZAMEER ,ZAMEER ,2025-03-03,2025-07-01,-103.0,17.0,1863.75,,,,,,,,,-1863.75,Sharjah,party_1863987105,div_1742449716,man_1964161347
AR-A0139,SI30,AL MUSHTARI BUILDING MATERIALS. L.L.C. SATWA(AR-A0139),2500271,ZAMEER ,ZAMEER ,2025-02-03,2025-06-03,-75.0,45.0,,210.0,,,,,,,,-210.0,Sharjah,party_1863987105,div_1742449716,man_1964161347
AR-A0139,SI30,AL MUSHTARI BUILDING MATERIALS. L.L.C. SATWA(AR-A0139),2500352,ZAMEER ,ZAMEER ,2025-02-13,2025-06-13,-85.0,35.0,,1023.75,,,,,,,,-1023.75,Sharjah,party_1863987105,div_1742449716,man_1964161347
AR-A0139,SI30,AL MUSHTARI BUILDING MATERIALS. L.L.C. SATWA(AR-A0139),2870,ZAMEER ,ZAMEER ,2024-10-14,2025-02-11,37.0,157.0,,,,,,1239.0,,,,-1239.0,Sharjah,party_1863987105,div_1742449716,man_1964161347
AR-A0139,SI30,AL MUSHTARI BUILDING MATERIALS. L.L.C. SATWA(AR-A0139),2500523,ZAMEER ,ZAMEER ,2025-03-07,2025-07-05,-107.0,13.0,1239.0,,,,,,,,,-1239.0,Sharjah,party_1863987105,div_1742449716,man_1964161347
AR-A0139,SI30,AL MUSHTARI BUILDING MATERIALS. L.L.C. SATWA(AR-A0139),2500633,ZAMEER ,ZAMEER ,2025-03-20,2025-07-18,-120.0,,1086.75,,,,,,,,,-1086.75,Sharjah,party_1863987105,div_1742449716,man_1964161347
AR-A0139,SI30,AL MUSHTARI BUILDING MATERIALS. L.L.C. SATWA(AR-A0139),2500465,ZAMEER ,ZAMEER ,2025-03-01,2025-06-29,-101.0,19.0,546.0,,,,,,,,,-546.0,Sharjah,party_1863987105,div_1742449716,man_1964161347
AR-A0139,SI30,AL MUSHTARI BUILDING MATERIALS. L.L.C. SATWA(AR-A0139),3197,ZAMEER ,ZAMEER ,2024-11-27,2025-03-27,-7.0,113.0,,,,2462.25,,,,,,-2462.25,Sharjah,party_1863987105,div_1742449716,man_1964161347
AR-A0139,SI30,AL MUSHTARI BUILDING MATERIALS. L.L.C. SATWA(AR-A0139),3267,ZAMEER ,ZAMEER ,2024-12-09,2025-04-08,-19.0,101.0,,,,1071.0,,,,,,-1071.0,Sharjah,party_1863987105,div_1742449716,man_1964161347
AR-A0142,JV10,AL NABOODAH CONTRACTING CO LLC(AR-A0142),Opb:OPB-25287,SAFEER,,2019-11-30,2019-11-30,1937.0,1937.0,,,,,,,,4721.55,,-4721.55,HO,party_0919251987,div_2006915470,man_0110721370
AR-A0143,JV10,AL NADA BUILDING MATERIAL TRDG L.L.C(AR-A0143),Opb:OPB-1064,SAFEER,,2021-03-16,2021-03-16,1465.0,1465.0,,,,,,,,147.0,,-147.0,HO,party_2041906967,div_2006915470,man_0110721370
AR-A0145,SI10,AL NAHDA NATIONAL SCHOOLS(AR-A0145),2500048,FAISAL,FAISAL,2025-02-25,2025-03-27,-7.0,23.0,3378.9,,,,,,,,,-3378.9,HO,party_0621343403,div_2006915470,man_1993412060
AR-A0145,SI10,AL NAHDA NATIONAL SCHOOLS(AR-A0145),2500049,FAISAL,FAISAL,2025-02-25,2025-03-27,-7.0,23.0,806.4,,,,,,,,,-806.4,HO,party_0621343403,div_2006915470,man_1993412060
AR-A0145,SI10,AL NAHDA NATIONAL SCHOOLS(AR-A0145),1098,FAISAL,FAISAL,2024-03-31,2024-04-30,324.0,354.0,,,,,,,,11259.7,,-11259.7,HO,party_0621343403,div_2006915470,man_1993412060
AR-A0145,SI10,AL NAHDA NATIONAL SCHOOLS(AR-A0145),1099,FAISAL,FAISAL,2024-03-31,2024-04-30,324.0,354.0,,,,,,,,11239.2,,-11239.2,HO,party_0621343403,div_2006915470,man_1993412060
AR-A0145,SI10,AL NAHDA NATIONAL SCHOOLS(AR-A0145),1520,FAISAL,FAISAL,2025-01-02,2025-02-01,47.0,77.0,,,1873.2,,,,,,,-1873.2,HO,party_0621343403,div_2006915470,man_1993412060
AR-A0145,SI10,AL NAHDA NATIONAL SCHOOLS(AR-A0145),1521,FAISAL,FAISAL,2025-01-02,2025-02-01,47.0,77.0,,,13034.7,,,,,,,-13034.7,HO,party_0621343403,div_2006915470,man_1993412060
AR-A0145,SI10,AL NAHDA NATIONAL SCHOOLS(AR-A0145),1522,FAISAL,FAISAL,2025-01-06,2025-02-05,43.0,73.0,,,10160.85,,,,,,,-10160.85,HO,party_0621343403,div_2006915470,man_1993412060
AR-A0148,SI30,AL NAJM AL AKHTER ELECT. & SANITARY WARE TRDG.(AR-A0148),2500205,ZAMEER ,ZAMEER ,2025-01-24,2025-05-24,-65.0,55.0,,614.25,,,,,,,,-614.25,Sharjah,party_1103576090,div_1742449716,man_1964161347
AR-A0148,SI30,AL NAJM AL AKHTER ELECT. & SANITARY WARE TRDG.(AR-A0148),2500426,ZAMEER ,ZAMEER ,2025-02-24,2025-06-24,-96.0,24.0,1653.75,,,,,,,,,-1653.75,Sharjah,party_1103576090,div_1742449716,man_1964161347
AR-A0148,SI30,AL NAJM AL AKHTER ELECT. & SANITARY WARE TRDG.(AR-A0148),3372,ZAMEER ,ZAMEER ,2024-12-20,2025-04-19,-30.0,90.0,,,,178.5,,,,,,-178.5,Sharjah,party_1103576090,div_1742449716,man_1964161347
AR-A0148,SI30,AL NAJM AL AKHTER ELECT. & SANITARY WARE TRDG.(AR-A0148),3287,ZAMEER ,ZAMEER ,2024-12-10,2025-04-09,-20.0,100.0,,,,2361.75,,,,,,-2361.75,Sharjah,party_1103576090,div_1742449716,man_1964161347
AR-A0149,OSI10,AL NASIYA GENERAL CONTRACTING L.L.C. CO(AR-A0149),3551,NEVIN K,NEVIN K,2024-12-31,2025-03-31,-11.0,79.0,,,383.25,,,,,,,-383.25,HO,party_0706863316,div_2006915470,man_0832785071
AR-A0149,OSI10,AL NASIYA GENERAL CONTRACTING L.L.C. CO(AR-A0149),3552,NEVIN K,NEVIN K,2024-12-31,2025-03-31,-11.0,79.0,,,4709.25,,,,,,,-4709.25,HO,party_0706863316,div_2006915470,man_0832785071
AR-A0149,OSI10,AL NASIYA GENERAL CONTRACTING L.L.C. CO(AR-A0149),3543,NEVIN K,NEVIN K,2024-12-28,2025-03-28,-8.0,82.0,,,866.25,,,,,,,-866.25,HO,party_0706863316,div_2006915470,man_0832785071
AR-A0149,OSI10,AL NASIYA GENERAL CONTRACTING L.L.C. CO(AR-A0149),3544,NEVIN K,NEVIN K,2024-12-28,2025-03-28,-8.0,82.0,,,320.25,,,,,,,-320.25,HO,party_0706863316,div_2006915470,man_0832785071
AR-A0149,OSI10,AL NASIYA GENERAL CONTRACTING L.L.C. CO(AR-A0149),3420,NEVIN K,MAHAROOF ,2024-11-23,2025-02-21,27.0,117.0,,,,729.75,,,,,,-729.75,HO,party_0706863316,div_2006915470,man_1666262237
AR-A0149,OSI10,AL NASIYA GENERAL CONTRACTING L.L.C. CO(AR-A0149),3426,NEVIN K,MAHAROOF ,2024-11-23,2025-02-21,27.0,117.0,,,,309.75,,,,,,-309.75,HO,party_0706863316,div_2006915470,man_1666262237
AR-A0149,OSI10,AL NASIYA GENERAL CONTRACTING L.L.C. CO(AR-A0149),3427,NEVIN K,MAHAROOF ,2024-11-23,2025-02-21,27.0,117.0,,,,1155.0,,,,,,-1155.0,HO,party_0706863316,div_2006915470,man_1666262237
AR-A0149,OSI10,AL NASIYA GENERAL CONTRACTING L.L.C. CO(AR-A0149),3430,NEVIN K,MAHAROOF ,2024-11-23,2025-02-21,27.0,117.0,,,,5208.0,,,,,,-5208.0,HO,party_0706863316,div_2006915470,man_1666262237
AR-A0149,OSI10,AL NASIYA GENERAL CONTRACTING L.L.C. CO(AR-A0149),3431,NEVIN K,MAHAROOF ,2024-11-23,2025-02-21,27.0,117.0,,,,1470.0,,,,,,-1470.0,HO,party_0706863316,div_2006915470,man_1666262237
AR-A0149,OSI10,AL NASIYA GENERAL CONTRACTING L.L.C. CO(AR-A0149),3414,NEVIN K,MAHAROOF ,2024-11-23,2025-02-21,27.0,117.0,,,,1286.25,,,,,,-1286.25,HO,party_0706863316,div_2006915470,man_1666262237
AR-A0149,OSI10,AL NASIYA GENERAL CONTRACTING L.L.C. CO(AR-A0149),3554,NEVIN K,NEVIN K,2024-12-31,2025-03-31,-11.0,79.0,,,3449.25,,,,,,,-3449.25,HO,party_0706863316,div_2006915470,man_0832785071
AR-A0149,OSI10,AL NASIYA GENERAL CONTRACTING L.L.C. CO(AR-A0149),3517,NEVIN K,NEVIN K,2024-12-10,2025-03-10,10.0,100.0,,,,514.5,,,,,,-514.5,HO,party_0706863316,div_2006915470,man_0832785071
AR-A0149,OSI10,AL NASIYA GENERAL CONTRACTING L.L.C. CO(AR-A0149),3519,NEVIN K,NEVIN K,2024-12-10,2025-03-10,10.0,100.0,,,,882.0,,,,,,-882.0,HO,party_0706863316,div_2006915470,man_0832785071
AR-A0149,OSI10,AL NASIYA GENERAL CONTRACTING L.L.C. CO(AR-A0149),2500012,NEVIN K,NEVIN K,2025-01-12,2025-04-12,-23.0,67.0,,,819.0,,,,,,,-819.0,HO,party_0706863316,div_2006915470,man_0832785071
AR-A0149,OSI10,AL NASIYA GENERAL CONTRACTING L.L.C. CO(AR-A0149),2500013,NEVIN K,NEVIN K,2025-01-12,2025-04-12,-23.0,67.0,,,1134.0,,,,,,,-1134.0,HO,party_0706863316,div_2006915470,man_0832785071
AR-A0149,OSI10,AL NASIYA GENERAL CONTRACTING L.L.C. CO(AR-A0149),2500014,NEVIN K,NEVIN K,2025-01-12,2025-04-12,-23.0,67.0,,,2646.0,,,,,,,-2646.0,HO,party_0706863316,div_2006915470,man_0832785071
AR-A0149,OSI10,AL NASIYA GENERAL CONTRACTING L.L.C. CO(AR-A0149),2500015,NEVIN K,NEVIN K,2025-01-12,2025-04-12,-23.0,67.0,,,892.5,,,,,,,-892.5,HO,party_0706863316,div_2006915470,man_0832785071
AR-A0149,OSI10,AL NASIYA GENERAL CONTRACTING L.L.C. CO(AR-A0149),2500016,NEVIN K,NEVIN K,2025-01-12,2025-04-12,-23.0,67.0,,,582.75,,,,,,,-582.75,HO,party_0706863316,div_2006915470,man_0832785071
AR-A0149,OSI10,AL NASIYA GENERAL CONTRACTING L.L.C. CO(AR-A0149),2500111,NEVIN K,NEVIN K,2025-02-01,2025-05-02,-43.0,47.0,,304.5,,,,,,,,-304.5,HO,party_0706863316,div_2006915470,man_0832785071
AR-A0149,SI20,AL NASIYA GENERAL CONTRACTING L.L.C. CO(AR-A0149),3010,NEVIN K,NEVIN K,2024-12-17,2025-03-17,3.0,93.0,,,,183.75,,,,,,-183.75,MCJ,party_0706863316,div_0556003793,man_0832785071
AR-A0149,OSI10,AL NASIYA GENERAL CONTRACTING L.L.C. CO(AR-A0149),3488,NEVIN K,MAHAROOF ,2024-11-30,2025-02-28,20.0,110.0,,,,619.5,,,,,,-619.5,HO,party_0706863316,div_2006915470,man_1666262237
AR-A0149,OSI10,AL NASIYA GENERAL CONTRACTING L.L.C. CO(AR-A0149),3491,NEVIN K,MAHAROOF ,2024-11-30,2025-02-28,20.0,110.0,,,,425.25,,,,,,-425.25,HO,party_0706863316,div_2006915470,man_1666262237
AR-A0149,SI20,AL NASIYA GENERAL CONTRACTING L.L.C. CO(AR-A0149),3028,NEVIN K,NEVIN K,2024-12-28,2025-03-28,-8.0,82.0,,,1590.75,,,,,,,-1590.75,MCJ,party_0706863316,div_0556003793,man_0832785071
AR-A0149,SI20,AL NASIYA GENERAL CONTRACTING L.L.C. CO(AR-A0149),3029,NEVIN K,NEVIN K,2024-12-28,2025-03-28,-8.0,82.0,,,640.5,,,,,,,-640.5,MCJ,party_0706863316,div_0556003793,man_0832785071
AR-A0149,OSI10,AL NASIYA GENERAL CONTRACTING L.L.C. CO(AR-A0149),2500032,NEVIN K,NEVIN K,2025-01-23,2025-04-23,-34.0,56.0,,1134.0,,,,,,,,-1134.0,HO,party_0706863316,div_2006915470,man_0832785071
AR-A0149,OSI10,AL NASIYA GENERAL CONTRACTING L.L.C. CO(AR-A0149),2500109,NEVIN K,NEVIN K,2025-02-21,2025-05-22,-63.0,27.0,1210.65,,,,,,,,,-1210.65,HO,party_0706863316,div_2006915470,man_0832785071
AR-A0149,OSI10,AL NASIYA GENERAL CONTRACTING L.L.C. CO(AR-A0149),2500110,NEVIN K,NEVIN K,2025-02-26,2025-05-27,-68.0,22.0,735.0,,,,,,,,,-735.0,HO,party_0706863316,div_2006915470,man_0832785071
AR-A0150,JV10,AL NASLAH ALUMINIUM WORKS W/SHOP LLC(AR-A0150),Opb:OPB-1078,SAFEER,,2018-01-13,2018-01-13,2623.0,2623.0,,,,,,,,6300.0,,-6300.0,HO,party_1175614960,div_2006915470,man_0110721370
AR-A0150,JV10,AL NASLAH ALUMINIUM WORKS W/SHOP LLC(AR-A0150),Opb:OPB-1079,SAFEER,,2018-02-02,2018-02-02,2603.0,2603.0,,,,,,,,378.0,,-378.0,HO,party_1175614960,div_2006915470,man_0110721370
AR-A0151,SI30,AL NEJOUM AL DHAHABIAH. ELECTRICAL & SANIT WARE TR(AR-A0151),2500048,ZAMEER ,ZAMEER ,2025-01-04,2025-04-04,-15.0,75.0,,,745.5,,,,,,,-745.5,Sharjah,party_0678561283,div_1742449716,man_1964161347
AR-A0151,SI30,AL NEJOUM AL DHAHABIAH. ELECTRICAL & SANIT WARE TR(AR-A0151),3300,ZAMEER ,ZAMEER ,2024-12-11,2025-03-11,9.0,99.0,,,,1890.0,,,,,,-1890.0,Sharjah,party_0678561283,div_1742449716,man_1964161347
AR-A0151,SI30,AL NEJOUM AL DHAHABIAH. ELECTRICAL & SANIT WARE TR(AR-A0151),2890,ZAMEER ,ZAMEER ,2024-10-16,2025-01-14,65.0,155.0,,,,,,918.75,,,,-918.75,Sharjah,party_0678561283,div_1742449716,man_1964161347
AR-A0151,SI30,AL NEJOUM AL DHAHABIAH. ELECTRICAL & SANIT WARE TR(AR-A0151),2896,ZAMEER ,ZAMEER ,2024-10-16,2025-01-14,65.0,155.0,,,,,,1050.0,,,,-1050.0,Sharjah,party_0678561283,div_1742449716,man_1964161347
AR-A0151,SI30,AL NEJOUM AL DHAHABIAH. ELECTRICAL & SANIT WARE TR(AR-A0151),3254,ZAMEER ,ZAMEER ,2024-12-06,2025-03-06,14.0,104.0,,,,761.25,,,,,,-761.25,Sharjah,party_0678561283,div_1742449716,man_1964161347
AR-A0151,SI30,AL NEJOUM AL DHAHABIAH. ELECTRICAL & SANIT WARE TR(AR-A0151),3333,ZAMEER ,ZAMEER ,2024-12-14,2025-03-14,6.0,96.0,,,,2205.0,,,,,,-2205.0,Sharjah,party_0678561283,div_1742449716,man_1964161347
AR-A0151,SI30,AL NEJOUM AL DHAHABIAH. ELECTRICAL & SANIT WARE TR(AR-A0151),3402,ZAMEER ,ZAMEER ,2024-12-24,2025-03-24,-4.0,86.0,,,735.0,,,,,,,-735.0,Sharjah,party_0678561283,div_1742449716,man_1964161347
AR-A0151,SI30,AL NEJOUM AL DHAHABIAH. ELECTRICAL & SANIT WARE TR(AR-A0151),3093,ZAMEER ,ZAMEER ,2024-11-12,2025-02-10,38.0,128.0,,,,,115.5,,,,,-115.5,Sharjah,party_0678561283,div_1742449716,man_1964161347
AR-A0156,SI30,AL QOUZ BUILDING MATERIAL TRADING LLC(AR-A0156),3243,ZAMEER ,ZAMEER ,2024-12-05,2025-04-04,-15.0,105.0,,,,2973.6,,,,,,-2973.6,Sharjah,party_0071584344,div_1742449716,man_1964161347
AR-A0156,SI30,AL QOUZ BUILDING MATERIAL TRADING LLC(AR-A0156),2500387,ZAMEER ,ZAMEER ,2025-02-19,2025-06-19,-91.0,29.0,2100.0,,,,,,,,,-2100.0,Sharjah,party_0071584344,div_1742449716,man_1964161347
AR-A0156,SI30,AL QOUZ BUILDING MATERIAL TRADING LLC(AR-A0156),2500388,ZAMEER ,ZAMEER ,2025-02-19,2025-06-19,-91.0,29.0,1338.75,,,,,,,,,-1338.75,Sharjah,party_0071584344,div_1742449716,man_1964161347
AR-A0156,SI30,AL QOUZ BUILDING MATERIAL TRADING LLC(AR-A0156),3281,ZAMEER ,ZAMEER ,2024-12-10,2025-04-09,-20.0,100.0,,,,945.0,,,,,,-945.0,Sharjah,party_0071584344,div_1742449716,man_1964161347
AR-A0156,SI30,AL QOUZ BUILDING MATERIAL TRADING LLC(AR-A0156),2899,ZAMEER ,ZAMEER ,2024-10-17,2025-02-14,34.0,154.0,,,,,,4499.25,,,,-4499.25,Sharjah,party_0071584344,div_1742449716,man_1964161347
AR-A0156,SI30,AL QOUZ BUILDING MATERIAL TRADING LLC(AR-A0156),3179,ZAMEER ,ZAMEER ,2024-11-25,2025-03-25,-5.0,115.0,,,,1218.0,,,,,,-1218.0,Sharjah,party_0071584344,div_1742449716,man_1964161347
AR-A0156,SI30,AL QOUZ BUILDING MATERIAL TRADING LLC(AR-A0156),2942,ZAMEER ,ZAMEER ,2024-10-23,2025-02-20,28.0,148.0,,,,,2058.0,,,,,-2058.0,Sharjah,party_0071584344,div_1742449716,man_1964161347
AR-A0156,SI30,AL QOUZ BUILDING MATERIAL TRADING LLC(AR-A0156),2500559,ZAMEER ,ZAMEER ,2025-03-11,2025-07-09,-111.0,9.0,3386.25,,,,,,,,,-3386.25,Sharjah,party_0071584344,div_1742449716,man_1964161347
AR-A0156,SI30,AL QOUZ BUILDING MATERIAL TRADING LLC(AR-A0156),2500136,ZAMEER ,ZAMEER ,2025-01-14,2025-05-14,-55.0,65.0,,,2887.5,,,,,,,-2887.5,Sharjah,party_0071584344,div_1742449716,man_1964161347
AR-A0164,SI30,AL RAMLA GENARAL TRD. EST(AR-A0164),3054,ZAMEER ,ZAMEER ,2024-11-06,2025-03-06,14.0,134.0,,,,,1758.75,,,,,-1758.75,Sharjah,party_1429127854,div_1742449716,man_1964161347
AR-A0164,SI30,AL RAMLA GENARAL TRD. EST(AR-A0164),2500420,ZAMEER ,ZAMEER ,2025-02-24,2025-06-24,-96.0,24.0,1218.0,,,,,,,,,-1218.0,Sharjah,party_1429127854,div_1742449716,man_1964161347
AR-A0164,SI30,AL RAMLA GENARAL TRD. EST(AR-A0164),3006,ZAMEER ,ZAMEER ,2024-11-01,2025-03-01,19.0,139.0,,,,,1480.5,,,,,-1480.5,Sharjah,party_1429127854,div_1742449716,man_1964161347
AR-A0164,SI30,AL RAMLA GENARAL TRD. EST(AR-A0164),3327,ZAMEER ,RINSHAD M U,2024-12-14,2025-04-13,-24.0,96.0,,,,1743.0,,,,,,-1743.0,Sharjah,party_1429127854,div_1742449716,man_0298694519
AR-A0164,SI30,AL RAMLA GENARAL TRD. EST(AR-A0164),2500368,ZAMEER ,ZAMEER ,2025-02-17,2025-06-17,-89.0,31.0,,1758.75,,,,,,,,-1758.75,Sharjah,party_1429127854,div_1742449716,man_1964161347
AR-A0165,SI20,AL RAMS BUILDING MATERIALS TRADING.(AR-A0165),2500410,RINSHAD T K,RINSHAD T K,2025-03-18,2025-05-17,-58.0,2.0,6930.0,,,,,,,,,-6930.0,MCJ,party_0277029215,div_0556003793,man_2128340233
AR-A0165,SI20,AL RAMS BUILDING MATERIALS TRADING.(AR-A0165),2500351,RINSHAD T K,RINSHAD T K,2025-03-01,2025-04-30,-41.0,19.0,1302.0,,,,,,,,,-1302.0,MCJ,party_0277029215,div_0556003793,man_2128340233
AR-A0165,SI20,AL RAMS BUILDING MATERIALS TRADING.(AR-A0165),2500002,RINSHAD T K,RINSHAD T K,2025-01-02,2025-03-03,17.0,77.0,,,9639.0,,,,,,,-9639.0,MCJ,party_0277029215,div_0556003793,man_2128340233
AR-A0165,SI20,AL RAMS BUILDING MATERIALS TRADING.(AR-A0165),2500148,RINSHAD T K,RINSHAD T K,2025-01-30,2025-03-31,-11.0,49.0,,3003.0,,,,,,,,-3003.0,MCJ,party_0277029215,div_0556003793,man_2128340233
AR-A0165,SI20,AL RAMS BUILDING MATERIALS TRADING.(AR-A0165),2500350,RINSHAD T K,RINSHAD T K,2025-03-01,2025-04-30,-41.0,19.0,12348.0,,,,,,,,,-12348.0,MCJ,party_0277029215,div_0556003793,man_2128340233
AR-A0167,OSI10,AL REEM HOSPICO CO LLC(AR-A0167),3498,SREERAJ,RIYAS M,2024-11-30,2025-01-29,50.0,110.0,,,,655.2,,,,,,-655.2,HO,party_1134520508,div_2006915470,man_2030811350
AR-A0167,OSI10,AL REEM HOSPICO CO LLC(AR-A0167),3499,SREERAJ,RIYAS M,2024-11-30,2025-01-29,50.0,110.0,,,,1617.0,,,,,,-1617.0,HO,party_1134520508,div_2006915470,man_2030811350
AR-A0167,OSI10,AL REEM HOSPICO CO LLC(AR-A0167),3500,SREERAJ,RIYAS M,2024-11-30,2025-01-29,50.0,110.0,,,,346.5,,,,,,-346.5,HO,party_1134520508,div_2006915470,man_2030811350
AR-A0168,JV10,AL REYAMI INTERIOR(AR-A0168),Opb:OPB-1121,SAFEER,,2019-02-05,2019-02-05,2235.0,2235.0,,,,,,,,205.8,,-205.8,HO,party_0409173388,div_2006915470,man_0110721370
AR-A0168,JV10,AL REYAMI INTERIOR(AR-A0168),Opb:OPB-1122,SAFEER,,2019-04-13,2019-04-13,2168.0,2168.0,,,,,,,,2362.5,,-2362.5,HO,party_0409173388,div_2006915470,man_0110721370
AR-A0168,JV10,AL REYAMI INTERIOR(AR-A0168),Opb:OPB-1123,SAFEER,,2019-10-19,2019-10-19,1979.0,1979.0,,,,,,,,609.0,,-609.0,HO,party_0409173388,div_2006915470,man_0110721370
AR-A0168,JV10,AL REYAMI INTERIOR(AR-A0168),Opb:OPB-1124,SAFEER,,2019-10-19,2019-10-19,1979.0,1979.0,,,,,,,,6772.5,,-6772.5,HO,party_0409173388,div_2006915470,man_0110721370
AR-A0168,JV10,AL REYAMI INTERIOR(AR-A0168),Opb:OPB-1125,SAFEER,,2019-10-19,2019-10-19,1979.0,1979.0,,,,,,,,1102.5,,-1102.5,HO,party_0409173388,div_2006915470,man_0110721370
AR-A0168,JV10,AL REYAMI INTERIOR(AR-A0168),Opb:OPB-1126,SAFEER,,2019-12-28,2019-12-28,1909.0,1909.0,,,,,,,,1837.5,,-1837.5,HO,party_0409173388,div_2006915470,man_0110721370
AR-A0169,RV20,AL RIMAL INTERNATIONAL SAFETY & SECURITY(AR-A0169),Rct:PDRMCJ23-0816,RINSHAD T K,,2023-10-31,2024-01-29,416.0,506.0,,,,,,,,,209.77,209.77,MCJ,party_0498817313,div_0556003793,man_0110721370
AR-A0171,SI40,AL RUWAIS ELECTRICAL & MECHANICAL EQUIPMENT LLC(AR-A0171),2500033,ABDUL SATHAR,ABDUL SATHAR,2025-01-18,2025-05-18,-59.0,61.0,,,341.25,,,,,,,-341.25,Branch 2,party_1494791766,div_0097926054,man_0427457728
AR-A0171,SI40,AL RUWAIS ELECTRICAL & MECHANICAL EQUIPMENT LLC(AR-A0171),2159,ABDUL SATHAR,ABDUL SATHAR,2024-12-09,2025-04-08,-19.0,101.0,,,,1625.4,,,,,,-1625.4,Branch 2,party_1494791766,div_0097926054,man_0427457728
AR-A0171,SI40,AL RUWAIS ELECTRICAL & MECHANICAL EQUIPMENT LLC(AR-A0171),2500307,ABDUL SATHAR,ABDUL SATHAR,2025-03-08,2025-07-06,-108.0,12.0,3591.0,,,,,,,,,-3591.0,Branch 2,party_1494791766,div_0097926054,man_0427457728
AR-A0171,SI40,AL RUWAIS ELECTRICAL & MECHANICAL EQUIPMENT LLC(AR-A0171),2500310,ABDUL SATHAR,ABDUL SATHAR,2025-03-10,2025-07-08,-110.0,10.0,342.3,,,,,,,,,-342.3,Branch 2,party_1494791766,div_0097926054,man_0427457728
AR-A0171,SI40,AL RUWAIS ELECTRICAL & MECHANICAL EQUIPMENT LLC(AR-A0171),2023,ABDUL SATHAR,ABDUL SATHAR,2024-11-23,2025-03-23,-3.0,117.0,,,,1753.5,,,,,,-1753.5,Branch 2,party_1494791766,div_0097926054,man_0427457728
AR-A0172,OSI10,AL RYUM CONTRACTING & GENERAL TRANSPORT LLC(AR-A0172),2500036,SHIMIL ,SHIMIL ,2025-01-23,2025-04-23,-34.0,56.0,,14113.75,,,,,,,,-14113.75,HO,party_0866447037,div_2006915470,man_1055588320
AR-A0172,OSI10,AL RYUM CONTRACTING & GENERAL TRANSPORT LLC(AR-A0172),2500091,SHIMIL ,SHIMIL ,2025-02-20,2025-05-21,-62.0,28.0,3370.5,,,,,,,,,-3370.5,HO,party_0866447037,div_2006915470,man_1055588320
AR-A0172,OSI10,AL RYUM CONTRACTING & GENERAL TRANSPORT LLC(AR-A0172),2500094,SHIMIL ,SHIMIL ,2025-02-17,2025-05-18,-59.0,31.0,,3290.75,,,,,,,,-3290.75,HO,party_0866447037,div_2006915470,man_1055588320
AR-A0175,SI20,AL SAIF GRAPHICS LLC(AR-A0175),3036,RINSHAD T K,RINSHAD T K,2024-12-28,2025-02-26,22.0,82.0,,,6255.9,,,,,,,-6255.9,MCJ,party_1100761393,div_0556003793,man_2128340233
AR-A0175,SI20,AL SAIF GRAPHICS LLC(AR-A0175),2500068,RINSHAD T K,RINSHAD T K,2025-01-20,2025-03-21,-1.0,59.0,,4819.5,,,,,,,,-4819.5,MCJ,party_1100761393,div_0556003793,man_2128340233
AR-A0176,SI40,AL SAIF HARDWARE(AR-A0176),2500221,ABDUL SATHAR,ABDUL SATHAR,2025-02-19,2025-05-20,-61.0,29.0,504.0,,,,,,,,,-504.0,Branch 2,party_2025431818,div_0097926054,man_0427457728
AR-A0176,SI40,AL SAIF HARDWARE(AR-A0176),2211,ABDUL SATHAR,ABDUL SATHAR,2024-12-27,2025-03-27,-7.0,83.0,,,1008.0,,,,,,,-1008.0,Branch 2,party_2025431818,div_0097926054,man_0427457728
AR-A0176,SI40,AL SAIF HARDWARE(AR-A0176),2500325,ABDUL SATHAR,ABDUL SATHAR,2025-03-15,2025-06-13,-85.0,5.0,504.0,,,,,,,,,-504.0,Branch 2,party_2025431818,div_0097926054,man_0427457728
AR-A0176,SI40,AL SAIF HARDWARE(AR-A0176),2138,ABDUL SATHAR,ABDUL SATHAR,2024-12-19,2025-03-19,1.0,91.0,,,,346.5,,,,,,-346.5,Branch 2,party_2025431818,div_0097926054,man_0427457728
AR-A0176,SI40,AL SAIF HARDWARE(AR-A0176),2500236,ABDUL SATHAR,ABDUL SATHAR,2025-02-26,2025-05-27,-68.0,22.0,99.75,,,,,,,,,-99.75,Branch 2,party_2025431818,div_0097926054,man_0427457728
AR-A0176,SI40,AL SAIF HARDWARE(AR-A0176),2239,ABDUL SATHAR,ABDUL SATHAR,2024-12-31,2025-03-31,-11.0,79.0,,,325.5,,,,,,,-325.5,Branch 2,party_2025431818,div_0097926054,man_0427457728
AR-A0177,SI40,AL SAJID MECHANICAL EQUIPMENT LLC(AR-A0177),2000,ABDUL SATHAR,ABDUL SATHAR,2024-11-23,2025-03-23,-3.0,117.0,,,,309.75,,,,,,-309.75,Branch 2,party_0447457394,div_0097926054,man_0427457728
AR-A0177,SI40,AL SAJID MECHANICAL EQUIPMENT LLC(AR-A0177),2042,ABDUL SATHAR,ABDUL SATHAR,2024-11-23,2025-03-23,-3.0,117.0,,,,4830.0,,,,,,-4830.0,Branch 2,party_0447457394,div_0097926054,man_0427457728
AR-A0177,SI40,AL SAJID MECHANICAL EQUIPMENT LLC(AR-A0177),2500225,ABDUL SATHAR,ABDUL SATHAR,2025-02-19,2025-06-19,-91.0,29.0,2415.0,,,,,,,,,-2415.0,Branch 2,party_0447457394,div_0097926054,man_0427457728
AR-A0178,SI40,AL SAKEENA BUILDING MATERIALS & ELECTRICALS TRADING(AR-A0178),2098,AJIMAL ,ABDUL SATHAR,2024-11-30,2025-02-28,20.0,110.0,,,,1207.5,,,,,,-1207.5,Branch 2,party_1432718385,div_0097926054,man_0427457728
AR-A0178,SI40,AL SAKEENA BUILDING MATERIALS & ELECTRICALS TRADING(AR-A0178),2500120,AJIMAL ,ABDUL SATHAR,2025-01-25,2025-04-25,-36.0,54.0,,441.0,,,,,,,,-441.0,Branch 2,party_1432718385,div_0097926054,man_0427457728
AR-A0181,SI30,AL SAMRA AL JADEEDA ELECTRICAL TRADING(AR-A0181),3048,ZAMEER ,ZAMEER ,2024-11-06,2025-03-06,14.0,134.0,,,,,1370.25,,,,,-1370.25,Sharjah,party_1285075084,div_1742449716,man_1964161347
AR-A0181,SI30,AL SAMRA AL JADEEDA ELECTRICAL TRADING(AR-A0181),3065,ZAMEER ,ZAMEER ,2024-11-08,2025-03-08,12.0,132.0,,,,,399.0,,,,,-399.0,Sharjah,party_1285075084,div_1742449716,man_1964161347
AR-A0181,SI30,AL SAMRA AL JADEEDA ELECTRICAL TRADING(AR-A0181),2500524,ZAMEER ,ZAMEER ,2025-03-07,2025-07-05,-107.0,13.0,441.0,,,,,,,,,-441.0,Sharjah,party_1285075084,div_1742449716,man_1964161347
AR-A0182,SI40,AL SAMRA BUILDING MATERIALS - SOLE PROPRIETORSHIP LLC(AR-A0182),2141,ABDUL SATHAR,ABDUL SATHAR,2024-12-24,2025-02-22,26.0,86.0,,,1134.0,,,,,,,-1134.0,Branch 2,party_0271458563,div_0097926054,man_0427457728
AR-A0183,SI30,AL SAMRA ELECTRICAL & BUILDING MATERIALS LLC(AR-A0183),2500491,ZAMEER ,ZAMEER ,2025-03-04,2025-06-02,-74.0,16.0,168.0,,,,,,,,,-168.0,Sharjah,party_1934605973,div_1742449716,man_1964161347
AR-A0184,SI40,AL SAMRA ELECTRONICS& LIGHTS L.L.C(AR-A0184),2196,ABDUL SATHAR,ABDUL SATHAR,2024-12-11,2025-03-11,9.0,99.0,,,,505.95,,,,,,-505.95,Branch 2,party_0536601409,div_0097926054,man_0427457728
AR-A0184,SI40,AL SAMRA ELECTRONICS& LIGHTS L.L.C(AR-A0184),2076,ABDUL SATHAR,ABDUL SATHAR,2024-11-30,2025-02-28,20.0,110.0,,,,108.15,,,,,,-108.15,Branch 2,party_0536601409,div_0097926054,man_0427457728
AR-A0187,SI40,AL SEEB TRADING L.L.C.(AR-A0187),2500332,ABDUL SATHAR,ABDUL SATHAR,2025-03-17,2025-06-15,-87.0,3.0,351.75,,,,,,,,,-351.75,Branch 2,party_1783561327,div_0097926054,man_0427457728
AR-A0190,SI30,AL SHEMOKH BUILDING MATERIALS TRADING.(AR-A0190),3396,ZAMEER ,ZAMEER ,2024-12-23,2025-04-22,-33.0,87.0,,,1218.0,,,,,,,-1218.0,Sharjah,party_1953897465,div_1742449716,man_1964161347
AR-A0190,SI30,AL SHEMOKH BUILDING MATERIALS TRADING.(AR-A0190),2813,ZAMEER ,ZAMEER ,2024-10-05,2025-02-02,46.0,166.0,,,,,,1218.0,,,,-1218.0,Sharjah,party_1953897465,div_1742449716,man_1964161347
AR-A0193,SI30,AL SUKOON GENERAL TRADING L.L.C.(AR-A0193),2769,ZAMEER ,ZAMEER ,2024-10-01,2025-01-29,50.0,170.0,,,,,,3018.75,,,,-3018.75,Sharjah,party_0951022583,div_1742449716,man_1964161347
AR-A0193,SI30,AL SUKOON GENERAL TRADING L.L.C.(AR-A0193),3382,ZAMEER ,ZAMEER ,2024-12-21,2025-04-20,-31.0,89.0,,,882.0,,,,,,,-882.0,Sharjah,party_0951022583,div_1742449716,man_1964161347
AR-A0193,SI30,AL SUKOON GENERAL TRADING L.L.C.(AR-A0193),2916,ZAMEER ,ZAMEER ,2024-10-19,2025-02-16,32.0,152.0,,,,,,1732.5,,,,-1732.5,Sharjah,party_0951022583,div_1742449716,man_1964161347
AR-A0193,SI30,AL SUKOON GENERAL TRADING L.L.C.(AR-A0193),2500481,ZAMEER ,ZAMEER ,2025-03-03,2025-07-01,-103.0,17.0,714.0,,,,,,,,,-714.0,Sharjah,party_0951022583,div_1742449716,man_1964161347
AR-A0193,SI30,AL SUKOON GENERAL TRADING L.L.C.(AR-A0193),2500604,ZAMEER ,ZAMEER ,2025-03-15,2025-07-13,-115.0,5.0,735.0,,,,,,,,,-735.0,Sharjah,party_0951022583,div_1742449716,man_1964161347
AR-A0193,SI30,AL SUKOON GENERAL TRADING L.L.C.(AR-A0193),3158,ZAMEER ,ZAMEER ,2024-11-20,2025-03-20,,120.0,,,,,1491.0,,,,,-1491.0,Sharjah,party_0951022583,div_1742449716,man_1964161347
AR-A0194,SI30,AL TAIF HARDWARE&ELECT.TRD SHARJAH(AR-A0194),2500020,ZAMEER ,ZAMEER ,2025-01-02,2025-05-02,-43.0,77.0,,,1338.75,,,,,,,-1338.75,Sharjah,party_2006838734,div_1742449716,man_1964161347
AR-A0195,SI30,AL TAMMANI FLOWER TRADING. AL BARSHA.(AR-A0195),2500572,ZAMEER ,ZAMEER ,2025-03-12,2025-06-10,-82.0,8.0,3018.75,,,,,,,,,-3018.75,Sharjah,party_1954059776,div_1742449716,man_1964161347
AR-A0197,SI30,AL TAREEQ AL AKHDHAR SANIT. WARE TRDG. ROLLA(AR-A0197),3102,ZAMEER ,ZAMEER ,2024-11-13,2025-03-13,7.0,127.0,,,,,1627.5,,,,,-1627.5,Sharjah,party_0986756344,div_1742449716,man_1964161347
AR-A0197,SI30,AL TAREEQ AL AKHDHAR SANIT. WARE TRDG. ROLLA(AR-A0197),2500591,ZAMEER ,ZAMEER ,2025-03-14,2025-07-12,-114.0,6.0,1627.5,,,,,,,,,-1627.5,Sharjah,party_0986756344,div_1742449716,man_1964161347
AR-A0197,SI30,AL TAREEQ AL AKHDHAR SANIT. WARE TRDG. ROLLA(AR-A0197),2500334,ZAMEER ,ZAMEER ,2025-02-11,2025-06-11,-83.0,37.0,,556.5,,,,,,,,-556.5,Sharjah,party_0986756344,div_1742449716,man_1964161347
AR-A0197,SI30,AL TAREEQ AL AKHDHAR SANIT. WARE TRDG. ROLLA(AR-A0197),2500345,ZAMEER ,ZAMEER ,2025-02-12,2025-06-12,-84.0,36.0,,546.0,,,,,,,,-546.0,Sharjah,party_0986756344,div_1742449716,man_1964161347
AR-A0197,SI30,AL TAREEQ AL AKHDHAR SANIT. WARE TRDG. ROLLA(AR-A0197),2500133,ZAMEER ,ZAMEER ,2025-01-14,2025-05-14,-55.0,65.0,,,551.25,,,,,,,-551.25,Sharjah,party_0986756344,div_1742449716,man_1964161347
AR-A0197,SI30,AL TAREEQ AL AKHDHAR SANIT. WARE TRDG. ROLLA(AR-A0197),3008,ZAMEER ,ZAMEER ,2024-11-01,2025-03-01,19.0,139.0,,,,,1239.0,,,,,-1239.0,Sharjah,party_0986756344,div_1742449716,man_1964161347
AR-A0197,SI30,AL TAREEQ AL AKHDHAR SANIT. WARE TRDG. ROLLA(AR-A0197),2766,ZAMEER ,ZAMEER ,2024-10-01,2025-01-29,50.0,170.0,,,,,,2835.0,,,,-2835.0,Sharjah,party_0986756344,div_1742449716,man_1964161347
AR-A0200,SI30,AL WAFI INTERNATIONAL TRADING. L.L.C.(AR-A0200),2500234,ZAMEER ,ZAMEER ,2025-01-29,2025-04-29,-40.0,50.0,,551.25,,,,,,,,-551.25,Sharjah,party_2062790240,div_1742449716,man_1964161347
AR-A0202,SI30,AL YAQEEN HARDWARE TRADING.(AR-A0202),2500172,ZAMEER ,ZAMEER ,2025-01-20,2025-05-20,-61.0,59.0,,1286.25,,,,,,,,-1286.25,Sharjah,party_1965008701,div_1742449716,man_1964161347
AR-A0202,SI30,AL YAQEEN HARDWARE TRADING.(AR-A0202),2500577,ZAMEER ,ZAMEER ,2025-03-13,2025-07-11,-113.0,7.0,336.0,,,,,,,,,-336.0,Sharjah,party_1965008701,div_1742449716,man_1964161347
AR-A0202,SI30,AL YAQEEN HARDWARE TRADING.(AR-A0202),2500115,ZAMEER ,ZAMEER ,2025-01-13,2025-05-13,-54.0,66.0,,,5355.0,,,,,,,-5355.0,Sharjah,party_1965008701,div_1742449716,man_1964161347
AR-A0202,SI30,AL YAQEEN HARDWARE TRADING.(AR-A0202),2500637,ZAMEER ,ZAMEER ,2025-03-20,2025-07-18,-120.0,,336.0,,,,,,,,,-336.0,Sharjah,party_1965008701,div_1742449716,man_1964161347
AR-A0202,SI30,AL YAQEEN HARDWARE TRADING.(AR-A0202),2500641,ZAMEER ,ZAMEER ,2025-03-20,2025-07-18,-120.0,,866.25,,,,,,,,,-866.25,Sharjah,party_1965008701,div_1742449716,man_1964161347
AR-A0204,SI30,AL YASMEEN BUILDING MAT. TRDG. D.I.P.(AR-A0204),2500143,ZAMEER ,ZAMEER ,2025-01-16,2025-05-16,-57.0,63.0,,,4084.5,,,,,,,-4084.5,Sharjah,party_0731069512,div_1742449716,man_1964161347
AR-A0205,SI30,AL YAZRA ELECTRICAL & SANITARY INST. L.L.C.(AR-A0205),3335,ZAMEER ,ZAMEER ,2024-12-14,2025-04-13,-24.0,96.0,,,,1627.5,,,,,,-1627.5,Sharjah,party_0167045140,div_1742449716,man_1964161347
AR-A0207,SI20,AL ZAKI ENGINEERING & CONTRACTING COMPANY - W L L(AR-A0207),2500328,RINSHAD T K,RINSHAD T K,2025-02-28,2025-04-29,-40.0,20.0,4357.5,,,,,,,,,-4357.5,MCJ,party_1509230589,div_0556003793,man_2128340233
AR-A0207,SI20,AL ZAKI ENGINEERING & CONTRACTING COMPANY - W L L(AR-A0207),2500329,RINSHAD T K,RINSHAD T K,2025-02-28,2025-04-29,-40.0,20.0,3570.0,,,,,,,,,-3570.0,MCJ,party_1509230589,div_0556003793,man_2128340233
AR-A0207,SI20,AL ZAKI ENGINEERING & CONTRACTING COMPANY - W L L(AR-A0207),2500330,RINSHAD T K,RINSHAD T K,2025-02-28,2025-04-29,-40.0,20.0,635.25,,,,,,,,,-635.25,MCJ,party_1509230589,div_0556003793,man_2128340233
AR-A0207,SI20,AL ZAKI ENGINEERING & CONTRACTING COMPANY - W L L(AR-A0207),2500331,RINSHAD T K,RINSHAD T K,2025-02-28,2025-04-29,-40.0,20.0,714.0,,,,,,,,,-714.0,MCJ,party_1509230589,div_0556003793,man_2128340233
AR-A0207,SI20,AL ZAKI ENGINEERING & CONTRACTING COMPANY - W L L(AR-A0207),2500332,RINSHAD T K,RINSHAD T K,2025-02-28,2025-04-29,-40.0,20.0,3837.75,,,,,,,,,-3837.75,MCJ,party_1509230589,div_0556003793,man_2128340233
AR-A0207,SI20,AL ZAKI ENGINEERING & CONTRACTING COMPANY - W L L(AR-A0207),2500333,RINSHAD T K,RINSHAD T K,2025-02-28,2025-04-29,-40.0,20.0,1764.0,,,,,,,,,-1764.0,MCJ,party_1509230589,div_0556003793,man_2128340233
AR-A0207,SI20,AL ZAKI ENGINEERING & CONTRACTING COMPANY - W L L(AR-A0207),2500334,RINSHAD T K,RINSHAD T K,2025-02-28,2025-04-29,-40.0,20.0,420.0,,,,,,,,,-420.0,MCJ,party_1509230589,div_0556003793,man_2128340233
AR-A0207,SI20,AL ZAKI ENGINEERING & CONTRACTING COMPANY - W L L(AR-A0207),2500335,RINSHAD T K,RINSHAD T K,2025-02-28,2025-04-29,-40.0,20.0,315.0,,,,,,,,,-315.0,MCJ,party_1509230589,div_0556003793,man_2128340233
AR-A0207,SI20,AL ZAKI ENGINEERING & CONTRACTING COMPANY - W L L(AR-A0207),2500336,RINSHAD T K,RINSHAD T K,2025-02-28,2025-04-29,-40.0,20.0,2940.0,,,,,,,,,-2940.0,MCJ,party_1509230589,div_0556003793,man_2128340233
AR-A0207,SI20,AL ZAKI ENGINEERING & CONTRACTING COMPANY - W L L(AR-A0207),2500337,RINSHAD T K,RINSHAD T K,2025-02-28,2025-04-29,-40.0,20.0,1916.25,,,,,,,,,-1916.25,MCJ,party_1509230589,div_0556003793,man_2128340233
AR-A0209,SI30,ALASSIA GLOBAL GENERAL TRADING LLC(AR-A0209),1091,ZAMEER ,ZAMEER ,2024-01-20,2024-05-19,305.0,425.0,,,,,,,,588.0,,-588.0,Sharjah,party_1238101328,div_1742449716,man_1964161347
AR-A0213,CSI10,ALHASHIMYA GENERAL TRADING(AR-A0213),DSI:HO23-06872,ANISH ,,2023-03-11,2023-03-11,740.0,740.0,,,,,,,,1895.0,,-1895.0,HO,party_1860470615,div_2006915470,man_0110721370
AR-A0216,SI30,ALI FARAJ EQUIPMENT & MACHINERY(AR-A0216),2500111,ZAMEER ,ZAMEER ,2025-01-13,2025-03-14,6.0,66.0,,,1701.0,,,,,,,-1701.0,Sharjah,party_2110306212,div_1742449716,man_1964161347
AR-A0216,SI30,ALI FARAJ EQUIPMENT & MACHINERY(AR-A0216),2500464,ZAMEER ,ZAMEER ,2025-03-01,2025-04-30,-41.0,19.0,2625.0,,,,,,,,,-2625.0,Sharjah,party_2110306212,div_1742449716,man_1964161347
AR-A0216,SI30,ALI FARAJ EQUIPMENT & MACHINERY(AR-A0216),2500268,ZAMEER ,ZAMEER ,2025-02-03,2025-04-04,-15.0,45.0,,1659.0,,,,,,,,-1659.0,Sharjah,party_2110306212,div_1742449716,man_1964161347
AR-A0216,SI30,ALI FARAJ EQUIPMENT & MACHINERY(AR-A0216),2500211,ZAMEER ,ZAMEER ,2025-01-27,2025-03-28,-8.0,52.0,,1701.0,,,,,,,,-1701.0,Sharjah,party_2110306212,div_1742449716,man_1964161347
AR-A0216,SI30,ALI FARAJ EQUIPMENT & MACHINERY(AR-A0216),2500473,ZAMEER ,ZAMEER ,2025-03-03,2025-05-02,-43.0,17.0,2142.0,,,,,,,,,-2142.0,Sharjah,party_2110306212,div_1742449716,man_1964161347
AR-A0216,SI30,ALI FARAJ EQUIPMENT & MACHINERY(AR-A0216),2500586,ZAMEER ,ZAMEER ,2025-03-14,2025-05-13,-54.0,6.0,1338.75,,,,,,,,,-1338.75,Sharjah,party_2110306212,div_1742449716,man_1964161347
AR-A0216,SI30,ALI FARAJ EQUIPMENT & MACHINERY(AR-A0216),2500227,ZAMEER ,ZAMEER ,2025-01-28,2025-03-29,-9.0,51.0,,882.0,,,,,,,,-882.0,Sharjah,party_2110306212,div_1742449716,man_1964161347
AR-A0222,SI10,ALMAHAM GENERAL CONTRACTING - SOLE PROPRIETORSHIP L.L.C.(AR-A0222),Sal:CRHO23-00149,SAFEER,,2023-05-24,2023-05-24,666.0,666.0,,,,,,,,798.0,,-798.0,HO,party_0849988941,div_2006915470,man_0110721370
AR-A0224,SI40,ALMOTMAYZ BUILDING MATERIALS - SOLE PROPRIETORSHIP L.L.C(AR-A0224),2500315,ABDUL SATHAR,ABDUL SATHAR,2025-03-11,2025-06-09,-81.0,9.0,294.0,,,,,,,,,-294.0,Branch 2,party_0181198963,div_0097926054,man_0427457728
AR-A0224,SI40,ALMOTMAYZ BUILDING MATERIALS - SOLE PROPRIETORSHIP L.L.C(AR-A0224),2500085,ABDUL SATHAR,ABDUL SATHAR,2025-01-25,2025-04-25,-36.0,54.0,,5670.0,,,,,,,,-5670.0,Branch 2,party_0181198963,div_0097926054,man_0427457728
AR-A0224,SI40,ALMOTMAYZ BUILDING MATERIALS - SOLE PROPRIETORSHIP L.L.C(AR-A0224),2500157,ABDUL SATHAR,ABDUL SATHAR,2025-02-07,2025-05-08,-49.0,41.0,,420.0,,,,,,,,-420.0,Branch 2,party_0181198963,div_0097926054,man_0427457728
AR-A0224,SI40,ALMOTMAYZ BUILDING MATERIALS - SOLE PROPRIETORSHIP L.L.C(AR-A0224),2500076,ABDUL SATHAR,ABDUL SATHAR,2025-01-24,2025-04-24,-35.0,55.0,,456.75,,,,,,,,-456.75,Branch 2,party_0181198963,div_0097926054,man_0427457728
AR-A0224,SI40,ALMOTMAYZ BUILDING MATERIALS - SOLE PROPRIETORSHIP L.L.C(AR-A0224),2500177,ABDUL SATHAR,ABDUL SATHAR,2025-02-05,2025-05-06,-47.0,43.0,,4620.0,,,,,,,,-4620.0,Branch 2,party_0181198963,div_0097926054,man_0427457728
AR-A0224,SI40,ALMOTMAYZ BUILDING MATERIALS - SOLE PROPRIETORSHIP L.L.C(AR-A0224),2500197,ABDUL SATHAR,ABDUL SATHAR,2025-02-22,2025-05-23,-64.0,26.0,588.0,,,,,,,,,-588.0,Branch 2,party_0181198963,div_0097926054,man_0427457728
AR-A0224,SI40,ALMOTMAYZ BUILDING MATERIALS - SOLE PROPRIETORSHIP L.L.C(AR-A0224),2500047,ABDUL SATHAR,ABDUL SATHAR,2025-01-18,2025-04-18,-29.0,61.0,,,609.0,,,,,,,-609.0,Branch 2,party_0181198963,div_0097926054,man_0427457728
AR-A0224,SI40,ALMOTMAYZ BUILDING MATERIALS - SOLE PROPRIETORSHIP L.L.C(AR-A0224),2500237,ABDUL SATHAR,ABDUL SATHAR,2025-02-22,2025-05-23,-64.0,26.0,2517.9,,,,,,,,,-2517.9,Branch 2,party_0181198963,div_0097926054,man_0427457728
AR-A0224,SI40,ALMOTMAYZ BUILDING MATERIALS - SOLE PROPRIETORSHIP L.L.C(AR-A0224),2500235,ABDUL SATHAR,ABDUL SATHAR,2025-02-21,2025-05-22,-63.0,27.0,113.4,,,,,,,,,-113.4,Branch 2,party_0181198963,div_0097926054,man_0427457728
AR-A0225,SI30,ALNAJMA ALSATEAA BUILDING MATERIAL L.L.C(AR-A0225),2655,ZAMEER ,ZAMEER ,2024-09-14,2024-11-13,127.0,187.0,,,,,,,1184.5,,,-1184.5,Sharjah,party_1327759081,div_1742449716,man_1964161347
AR-A0227,OSI10,ALPHA ENGINEERING & CONTRACTING LLC(AR-A0227),2500049,MAHAROOF ,ASHIK,2025-01-22,2025-04-22,-33.0,57.0,,1119.19,,,,,,,,-1119.19,HO,party_1336997511,div_2006915470,man_0276416957
