doctype,docno,docdate,party_code,original_party_name,lpo_no,location,original_salesman,gross_amount,discount,net_amount,vat_amount,created_ts,created_by,invoice_mode,area,original_division,division,salesman,party_name
CSI10,1036,2024-01-02,ARC-W0022,WALK IN - MUS SHOP,,Musaffah Shop,AKTAR HOSSAIN,42.0,0.0,42.0,2.1,2024-01-02,AKTAR,CASH,,HO,div_2006915470,man_0900539661,party_0832930093
CSI10,1035,2024-01-02,ARC-W0022,WALK IN - MUS SHOP,,Musaffah Shop,ABBAS ,19.0,0.0,19.0,0.95,2024-01-02,NASSAR,CASH,,HO,div_2006915470,man_1563038311,party_0832930093
CSI40,1009,2024-01-02,ARC-S0275,SIGMA,,Branch 2,RASHID ,5.5,0.0,5.5,0.28,2024-01-02,RASHID,CREDIT,,Branch 2,div_0097926054,man_0256316879,party_0077769424
CSI20,1099,2024-01-02,ARC-W0021,WALK IN - MCJ,,Multicolor,JAFEER ,35.0,0.0,35.0,1.75,2024-01-02,SAFEER M,CASH,,MCJ,div_0556003793,man_1683097300,party_0984764295
CSI20,1100,2024-01-02,ARC-K0091,KHADAMAT SOLE PROPRIETORSHIP L.L.C,,Multicolor,JAFEER ,317.0,0.0,317.0,15.85,2024-01-02,SAFEER M,CASH,,MCJ,div_0556003793,man_1683097300,party_1064460045
CSI10,1039,2024-01-02,ARC-W0022,WALK IN - MUS SHOP,,Musaffah Shop,AKTAR HOSSAIN,135.3,0.0,135.3,6.77,2024-01-02,AKTAR,CASH,,HO,div_2006915470,man_0900539661,party_0832930093
CSI20,1101,2024-01-02,ARC-K0091,KHADAMAT SOLE PROPRIETORSHIP L.L.C,,Multicolor,JAFEER ,42.0,0.0,42.0,2.1,2024-01-02,SAFEER M,CASH,,MCJ,div_0556003793,man_1683097300,party_1064460045
CSI20,1105,2024-01-02,ARC-M0341,MOTHER ENGINEERING,,Multicolor,JAFEER ,1605.0,0.0,1605.0,80.25,2024-01-02,SAFEER M,CASH,,MCJ,div_0556003793,man_1683097300,party_0604394271
CSI10,1037,2024-01-02,ARC-W0022,WALK IN - MUS SHOP,,Musaffah Shop,NASSAR,416.0,0.0,416.0,20.8,2024-01-02,NASSAR,CASH,,HO,div_2006915470,man_0864799156,party_0832930093
CSI20,1102,2024-01-02,ARC-M0408,MUNICH SKY CONTRACTING LLC-SOLE PROPRIETORSHIP L.L.C,,Multicolor,NISHAD T,1427.0,0.0,1427.0,71.35,2024-01-02,SAMSHEER,CASH,,MCJ,div_0556003793,man_1830493139,party_0355639660
OSI10,1111,2024-01-02,AR-B0022,BMQ TECHNICAL SUPPLIES COMPANY - L.L.C,2274,Musaffah Shop,ABDUL SATHAR,420.0,0.0,420.0,21.0,2024-01-27,ASHKAR,CREDIT,,HO,div_2006915470,man_0427457728,party_0372937441
CSI10,1048,2024-01-02,ARC-G0160,GOOD WAY ENGINEERING MECHANICAL WORKS CO LLC,,Musaffah Shop,FAISAL,50.0,0.5,49.5,2.48,2024-01-02,NASSAR,CASH,,HO,div_2006915470,man_1993412060,party_1295204160
CSI20,1103,2024-01-02,ARC-W0021,WALK IN - MCJ,,Multicolor,SHAHID ,1352.0,0.0,1352.0,67.6,2024-01-02,SAMSHEER,CASH,,MCJ,div_0556003793,man_1995826233,party_0984764295
CSI10,1038,2024-01-02,ARC-W0022,WALK IN - MUS SHOP,,Musaffah Shop,SUNDARAN ,18.0,0.0,18.0,0.9,2024-01-02,KEA,CASH,,HO,div_2006915470,man_0622657813,party_0832930093
CSI20,1104,2024-01-02,ARC-J1590,J C Maclean International FZCO,,Multicolor,SHAFI,790.0,0.0,790.0,39.5,2024-01-02,SAMSHEER,CASH,,MCJ,div_0556003793,man_1461566380,party_1822159596
CSI20,1106,2024-01-02,ARC-A1148,ALDEWAN AL MALAKI INTERIORS LLC,,Multicolor,SHAFI,290.0,0.0,290.0,14.5,2024-01-02,SAMSHEER,CASH,,MCJ,div_0556003793,man_1461566380,party_0462590270
CSI20,1107,2024-01-02,ARC-W0021,WALK IN - MCJ,,Multicolor,MANZOOR ,174.0,0.0,174.0,8.7,2024-01-02,SAFEER M,CASH,,MCJ,div_0556003793,man_1167757235,party_0984764295
CSI10,1040,2024-01-02,ARC-W0022,WALK IN - MUS SHOP,,Musaffah Shop,NASSAR,745.0,0.0,745.0,37.25,2024-01-02,NASSAR,CASH,,HO,div_2006915470,man_0864799156,party_0832930093
CSI20,1108,2024-01-02,ARC-A1530,AL MANHAJ GENERAL MAINTENANCE,,Multicolor,NISHAD T,925.0,0.0,925.0,46.25,2024-01-02,SAFEER M,CASH,,MCJ,div_0556003793,man_1830493139,party_0434811731
CSI20,1109,2024-01-02,ARC-Y1581,YOUNG LIFE BUILDING MATERIALS - L.L.C - O.P.C,,Multicolor,SANOOP,1080.0,0.0,1080.0,54.0,2024-01-02,SAMSHEER,CASH,ABU DHABI,MCJ,div_0556003793,man_0264100041,party_1238708972
CSI20,1111,2024-01-02,ARC-W0021,WALK IN - MCJ,,Multicolor,SHAFI,200.0,0.0,200.0,10.0,2024-01-02,SAFEER M,CASH,,MCJ,div_0556003793,man_1461566380,party_0984764295
CSI20,1110,2024-01-02,ARC-A1527,AL DHAFRA SKY CONTRACTING & GENERAL MAINTENANCE L.L.C,,Multicolor,JAFEER ,112.0,0.0,112.0,5.6,2024-01-02,SAMSHEER,CASH,,MCJ,div_0556003793,man_1683097300,party_1973842940
CSI20,1112,2024-01-02,ARC-G1612,Genfocus Electrical Equipment Trading,,Multicolor,SHAFI,515.0,0.0,515.0,25.75,2024-01-02,SAMSHEER,CASH,,MCJ,div_0556003793,man_1461566380,party_0751206008
CSI20,1114,2024-01-02,ARC-W0021,WALK IN - MCJ,,Multicolor,SAMSHEER ,531.0,0.0,531.0,26.55,2024-01-02,SAMSHEER,CASH,,MCJ,div_0556003793,man_1994684813,party_0984764295
CSI20,1113,2024-01-02,ARC-U0054,URUK GENERAL CONTRACTING & MAINT LLC,,Multicolor,SHAFI,370.0,0.0,370.0,18.5,2024-01-02,SAFEER M,CASH,,MCJ,div_0556003793,man_1461566380,party_1193901279
CSI20,1115,2024-01-02,ARC-W0021,WALK IN - MCJ,,Multicolor,MANZOOR ,180.0,0.0,180.0,9.0,2024-01-02,SAFEER M,CASH,,MCJ,div_0556003793,man_1167757235,party_0984764295
CSI40,1011,2024-01-02,ARC-I0093,INTERWOOD GENERAL MAINTENANCE,,Branch 2,RINSHAD M U,233.0,0.0,233.0,11.65,2024-01-02,RINSHAD MU,CREDIT,,Branch 2,div_0097926054,man_0298694519,party_1781902460
CSI20,1116,2024-01-02,ARC-A1391,ARCH AND ART ADEVRTISING BOARDSL.L.C.,,Multicolor,SHAHID ,80.0,0.0,80.0,4.0,2024-01-02,RISHAD C,CASH,,MCJ,div_0556003793,man_1995826233,party_0276683257
CSI20,1117,2024-01-02,ARC-W0021,WALK IN - MCJ,,Multicolor,JAFEER ,560.0,0.0,560.0,28.0,2024-01-02,RISHAD C,CASH,,MCJ,div_0556003793,man_1683097300,party_0984764295
CSI20,1118,2024-01-02,ARC-W0021,WALK IN - MCJ,,Multicolor,MANZOOR ,582.0,0.0,582.0,29.1,2024-01-02,RISHAD C,CASH,,MCJ,div_0556003793,man_1167757235,party_0984764295
CSI20,1119,2024-01-02,ARC-W0021,WALK IN - MCJ,,Multicolor,NISHAD T,28.6,0.0,28.6,1.43,2024-01-02,RISHAD C,CASH,,MCJ,div_0556003793,man_1830493139,party_0984764295
CSI10,1041,2024-01-02,ARC-W0022,WALK IN - MUS SHOP,,Musaffah Shop,NASSAR,3090.0,0.0,3090.0,154.5,2024-01-02,NASSAR,CASH,,HO,div_2006915470,man_0864799156,party_0832930093
CSI10,1042,2024-01-02,ARC-F0139,FORCE.10.UAE,,Musaffah Shop,ABBAS ,28.5,0.0,28.5,1.43,2024-01-02,NASSAR,CASH,ABUDHABI,HO,div_2006915470,man_1563038311,party_1650473027
SI20,1002,2024-01-02,AR-E0031,EXPERT GENERAL TRADING L.L.C,,Multicolor,RINSHAD T K,240.0,0.0,240.0,12.0,2024-01-02,RISHAD C,,,MCJ,div_0556003793,man_2128340233,party_0332871789
CSI20,1120,2024-01-02,ARC-W0021,WALK IN - MCJ,,Multicolor,JAFEER ,130.0,0.0,130.0,6.5,2024-01-02,SAFEER M,CASH,,MCJ,div_0556003793,man_1683097300,party_0984764295
CSI20,1121,2024-01-02,ARC-M0344,MOUHAJER INTERNATIONAL DESIGN L.L.C,,Multicolor,SHAFI,4515.0,0.0,4515.0,225.75,2024-01-02,RISHAD C,CASH,,MCJ,div_0556003793,man_1461566380,party_0209317492
CSI20,1122,2024-01-02,ARC-Y1581,YOUNG LIFE BUILDING MATERIALS - L.L.C - O.P.C,,Multicolor,JAFEER ,13.5,0.0,13.5,0.68,2024-01-02,SAFEER M,CASH,ABU DHABI,MCJ,div_0556003793,man_1683097300,party_1238708972
CSI20,1123,2024-01-02,ARC-S0033,SAFCOM GENERAL CONTRACTING,,Multicolor,NISHAD T,600.0,0.0,600.0,30.0,2024-01-02,RISHAD C,CASH,,MCJ,div_0556003793,man_1830493139,party_1956287550
CSI10,1044,2024-01-02,ARC-C1600,COOL WIND PUMPS SERVICES,,Musaffah Shop,NASSAR,1025.0,0.0,1025.0,51.25,2024-01-02,NASSAR,CASH,,HO,div_2006915470,man_0864799156,party_0091281733
CSI20,1124,2024-01-02,ARC-A1810,ARIBA GM INTERIOR DECOR,,Multicolor,SHAHID ,1380.0,0.0,1380.0,69.0,2024-01-02,RISHAD C,CASH,,MCJ,div_0556003793,man_1995826233,party_0933664717
CSI10,1043,2024-01-02,ARC-W0022,WALK IN - MUS SHOP,,Musaffah Shop,SUNDARAN ,61.0,0.0,61.0,3.05,2024-01-02,KEA,CASH,,HO,div_2006915470,man_0622657813,party_0832930093
CSI10,1046,2024-01-02,ARC-E1609,Eaqar Land Real Estate Management&Contracting & General Maintenan,,Musaffah Shop,AKTAR HOSSAIN,43.0,0.0,43.0,2.15,2024-01-02,AKTAR,CASH,,HO,div_2006915470,man_0900539661,party_0161924008
CSI10,1045,2024-01-02,ARC-W0022,WALK IN - MUS SHOP,,Musaffah Shop,ABBAS ,6.0,0.5,5.5,0.28,2024-01-02,ABBAS,CASH,,HO,div_2006915470,man_1563038311,party_0832930093
CSI10,1047,2024-01-02,ARC-K1587,KHALIFA ABDULLA HASAN MOHAMED ALHOSANI,,Musaffah Shop,AKTAR HOSSAIN,50.0,2.5,47.5,2.38,2024-01-02,NASSAR,CASH,,HO,div_2006915470,man_0900539661,party_0675949787
CSI20,1125,2024-01-02,ARC-T0094,TECTON ENGINEERING,,Multicolor,JAFEER ,160.0,0.0,160.0,8.0,2024-01-02,SAFEER M,CASH,,MCJ,div_0556003793,man_1683097300,party_0615864025
CSI40,1012,2024-01-02,ARC-W0024,WALK IN - BR2,,Branch 2,RASHID ,48.0,0.0,48.0,2.4,2024-01-02,RASHID,CASH,,Branch 2,div_0097926054,man_0256316879,party_2060039225
CSI20,1126,2024-01-02,ARC-T0094,TECTON ENGINEERING,,Multicolor,JAFEER ,200.0,0.0,200.0,10.0,2024-01-02,SAFEER M,CASH,,MCJ,div_0556003793,man_1683097300,party_0615864025
CSI10,1050,2024-01-02,ARC-B0206,BONYAN ALKHALIJ AL MOTATAWERAH GEN CONT,,Musaffah Shop,FAISAL,124.0,0.0,124.0,6.2,2024-01-02,NASSAR,CASH,,HO,div_2006915470,man_1993412060,party_1356557270
CSI20,1127,2024-01-02,ARC-W0021,WALK IN - MCJ,,Multicolor,JAFEER ,200.0,0.0,200.0,10.0,2024-01-02,SAFEER M,CASH,,MCJ,div_0556003793,man_1683097300,party_0984764295
CSI20,1128,2024-01-02,ARC-T0247,TRAVENCORE EQUIPMENT EST,,Multicolor,JAFEER ,150.0,0.0,150.0,7.5,2024-01-02,SAFEER M,CASH,,MCJ,div_0556003793,man_1683097300,party_1877402496
CSI40,1013,2024-01-02,ARC-W0024,WALK IN - BR2,,Branch 2,RASHID ,14.0,0.0,14.0,0.7,2024-01-02,RASHID,CASH,,Branch 2,div_0097926054,man_0256316879,party_2060039225
CSI20,1129,2024-01-02,ARC-W0021,WALK IN - MCJ,,Multicolor,JAFEER ,820.0,0.0,820.0,41.0,2024-01-02,SAFEER M,CASH,,MCJ,div_0556003793,man_1683097300,party_0984764295
CSI20,1130,2024-01-02,ARC-W0021,WALK IN - MCJ,,Multicolor,JAFEER ,1145.0,0.0,1145.0,57.25,2024-01-02,SAFEER M,CASH,,MCJ,div_0556003793,man_1683097300,party_0984764295
CSI10,1049,2024-01-02,ARC-A1327,ANISUL ISLAM CHOWDHURY ELECTRICAL APPLIANCES L L C L.L.C,,Musaffah Shop,NASSAR,749.0,0.5,748.5,37.42,2024-01-02,NASSAR,CASH,,HO,div_2006915470,man_0864799156,party_0698352850
CSI20,1131,2024-01-02,ARC-T1614,THERMO DYNAMIC TECHNICAL SERVICES,,Multicolor,RISHAD C,408.0,0.0,408.0,20.4,2024-01-02,RISHAD C,CASH,,MCJ,div_0556003793,man_1841802797,party_1144058050
CSI40,1014,2024-01-02,ARC-W0024,WALK IN - BR2,,Branch 2,SHAJAHAN ,48.0,0.0,48.0,2.4,2024-01-02,SHAJAHAN M,CASH,,Branch 2,div_0097926054,man_1937350786,party_2060039225
CSI20,1132,2024-01-02,ARC-Q0022,QUICK BUILD GENERAL CONTRACTING L.L.C,,Multicolor,RISHAD C,4268.0,21.4,4246.6,212.33,2024-01-02,RISHAD C,CASH,,MCJ,div_0556003793,man_1841802797,party_0345795118
CSI10,1051,2024-01-02,ARC-S1583,STEVE HARDWARE TRADING LLC,,Musaffah Shop,FAISAL,425.0,1.23,423.77,21.19,2024-01-02,NASSAR,CASH,ABU DHABI,HO,div_2006915470,man_1993412060,party_0548065530
CSI20,1133,2024-01-02,ARC-W0021,WALK IN - MCJ,,Multicolor,RISHAD C,62.5,0.0,62.5,3.13,2024-01-02,RISHAD C,CASH,,MCJ,div_0556003793,man_1841802797,party_0984764295
CSI20,1134,2024-01-02,ARC-W0021,WALK IN - MCJ,,Multicolor,RISHAD C,138.75,0.0,138.75,6.94,2024-01-02,RISHAD C,CASH,,MCJ,div_0556003793,man_1841802797,party_0984764295
CSI10,1052,2024-01-02,ARC-A1360,ARAB TANKER SERVICES OWNED BY MASOOD SAEED AL AMERI-SOLE PR,,Musaffah Shop,FAISAL,46.0,0.5,45.5,2.27,2024-01-02,NASSAR,CASH,,HO,div_2006915470,man_1993412060,party_0988504817
CSI10,1055,2024-01-02,ARC-S0209,SHAIKH HAMAD BIN HAMDAN BIN MOHAMMED AL NAHYAN,,Musaffah Shop,ABBAS ,226.0,0.0,226.0,11.3,2024-01-02,NASSAR,CASH,,HO,div_2006915470,man_1563038311,party_1329528032
CSI20,1135,2024-01-02,ARC-N1607,NAFFCO ELECTROMECHANICAL CO (L.L.C),,Multicolor,RISHAD C,1470.0,0.0,1470.0,73.5,2024-01-02,RISHAD C,CASH,,MCJ,div_0556003793,man_1841802797,party_1113994303
CSI20,1137,2024-01-02,ARC-O1593,ORCHID CONTRACTING &  LANDSCAPING,,Multicolor,JAFEER ,230.0,0.0,230.0,11.5,2024-01-02,SAFEER M,CASH,,MCJ,div_0556003793,man_1683097300,party_1429840024
CSI20,1136,2024-01-02,ARC-A1434,ARTS INDUSTRIAL STONE FACTORY,,Multicolor,RISHAD C,620.0,0.0,620.0,31.0,2024-01-02,RISHAD C,CASH,,MCJ,div_0556003793,man_1841802797,party_0267071865
CSI10,1053,2024-01-02,ARC-S0564,SHAIKH HAMAD BIN HAMDAN BIN MOHAMMAD AL-NAHYAN,,Musaffah Shop,ABBAS ,310.0,0.0,310.0,15.5,2024-01-02,KEA,CASH,,HO,div_2006915470,man_1563038311,party_0688340988
CSI10,1054,2024-01-02,ARC-S0564,SHAIKH HAMAD BIN HAMDAN BIN MOHAMMAD AL-NAHYAN,,Musaffah Shop,ABBAS ,1360.0,0.0,1360.0,68.0,2024-01-02,KEA,CASH,,HO,div_2006915470,man_1563038311,party_0688340988
CSI10,1056,2024-01-02,ARC-S0564,SHAIKH HAMAD BIN HAMDAN BIN MOHAMMAD AL-NAHYAN,,Musaffah Shop,ABBAS ,880.0,0.0,880.0,44.0,2024-01-02,NASSAR,CASH,,HO,div_2006915470,man_1563038311,party_0688340988
CSI10,1057,2024-01-02,ARC-B1621,BLOOM LANDSCAPE LLC,,Musaffah Shop,FAISAL,75.0,0.0,75.0,3.75,2024-01-02,NASSAR,CASH,,HO,div_2006915470,man_1993412060,party_1876178089
CSI20,1138,2024-01-02,ARC-W0021,WALK IN - MCJ,,Multicolor,RISHAD C,740.0,0.0,740.0,37.0,2024-01-02,RISHAD C,CASH,,MCJ,div_0556003793,man_1841802797,party_0984764295
CSI20,1139,2024-01-02,ARC-N1606,NEW ERA GENERAL MAINTANANCE,,Multicolor,RISHAD C,60.0,0.0,60.0,3.0,2024-01-02,RISHAD C,CASH,,MCJ,div_0556003793,man_1841802797,party_0439909778
CSI20,1140,2024-01-02,ARC-W0021,WALK IN - MCJ,,Multicolor,SANOOP,33.33,0.0,33.33,1.67,2024-01-02,RISHAD C,CASH,,MCJ,div_0556003793,man_0264100041,party_0984764295
CSI20,1141,2024-01-02,ARC-W0021,WALK IN - MCJ,,Multicolor,RISHAD C,390.0,0.0,390.0,19.5,2024-01-02,RISHAD C,CASH,,MCJ,div_0556003793,man_1841802797,party_0984764295
CSI20,1142,2024-01-02,ARC-A0059,ABED NASSER BIN DUMAN CONTRACTING & GENERAL MAINTENANCE,,Multicolor,RISHAD C,477.0,0.85,476.15,23.81,2024-01-02,RISHAD C,CASH,,MCJ,div_0556003793,man_1841802797,party_1438083693
CSI20,1143,2024-01-02,ARC-A0059,ABED NASSER BIN DUMAN CONTRACTING & GENERAL MAINTENANCE,,Multicolor,RISHAD C,45.0,0.0,45.0,2.25,2024-01-02,RISHAD C,CASH,,MCJ,div_0556003793,man_1841802797,party_1438083693
CSI10,1058,2024-01-02,ARC-G0242,GTRAILER BLACKSMITH & WELDING,,Musaffah Shop,FAISAL,150.5,0.0,150.5,7.54,2024-01-02,NASSAR,CASH,,HO,div_2006915470,man_1993412060,party_1039507604
CSI20,1144,2024-01-02,ARC-W0021,WALK IN - MCJ,,Multicolor,SANOOP,180.0,0.0,180.0,9.0,2024-01-02,RISHAD C,CASH,,MCJ,div_0556003793,man_0264100041,party_0984764295
CSI10,1059,2024-01-02,ARC-W0022,WALK IN - MUS SHOP,,Musaffah Shop,FAISAL,5.0,0.0,5.0,0.25,2024-01-02,NASSAR,CASH,,HO,div_2006915470,man_1993412060,party_0832930093
CSI20,1145,2024-01-02,ARC-G0075,GLAMOUR INTERNATIONAL TURNKEY PROJECT CONTRACTING,,Multicolor,RISHAD C,235.0,0.0,235.0,11.75,2024-01-02,RISHAD C,CASH,,MCJ,div_0556003793,man_1841802797,party_0284465706
CSI20,1146,2024-01-02,ARC-E0080,ELITE GLASS,,Multicolor,SANOOP,391.0,0.0,391.0,19.55,2024-01-02,SAFEER M,CASH,,MCJ,div_0556003793,man_0264100041,party_0617129424
CSI20,1147,2024-01-02,ARC-S1649,Saeed Qayed Building Maintenance Maint L.L.C,,Multicolor,NISHAD T,575.0,0.0,575.0,28.75,2024-01-02,RISHAD C,CASH,,MCJ,div_0556003793,man_1830493139,party_1176796498
CSI20,1148,2024-01-02,ARC-W0021,WALK IN - MCJ,,Multicolor,NISHAD T,97.0,0.0,97.0,4.85,2024-01-02,SAFEER M,CASH,,MCJ,div_0556003793,man_1830493139,party_0984764295
CSI20,1151,2024-01-02,ARC-W0021,WALK IN - MCJ,,Multicolor,NISHAD T,1222.0,0.0,1222.0,61.1,2024-01-02,RISHAD C,CASH,,MCJ,div_0556003793,man_1830493139,party_0984764295
CSI20,1150,2024-01-02,ARC-O0018,OCIAN CITY GEN MAINT,,Multicolor,SAMSHEER ,130.0,0.0,130.0,6.5,2024-01-02,SAFEER M,CASH,,MCJ,div_0556003793,man_1994684813,party_1123929447
CSI20,1149,2024-01-02,ARC-D0131,DOHA CONSTRUCTION,,Multicolor,RISHAD C,855.0,0.0,855.0,42.75,2024-01-02,RISHAD C,CASH,,MCJ,div_0556003793,man_1841802797,party_0200946258
CSI20,1152,2024-01-02,ARC-W0021,WALK IN - MCJ,,Multicolor,SAMSHEER ,45.0,0.0,45.0,2.25,2024-01-02,SAFEER M,CASH,,MCJ,div_0556003793,man_1994684813,party_0984764295
CSI10,1060,2024-01-02,ARC-S1648,SILVER FALCON,,Musaffah Shop,NASSAR,4371.0,0.0,4371.0,218.55,2024-01-02,NASSAR,CASH,,HO,div_2006915470,man_0864799156,party_0668298124
CSI20,1153,2024-01-02,ARC-S0283,SILVER COAST CONSTRUCTION & BORING L.L.C.,,Multicolor,RISHAD C,880.0,0.0,880.0,44.0,2024-01-02,RISHAD C,CASH,,MCJ,div_0556003793,man_1841802797,party_1438412352
CSI10,1061,2024-01-02,ARC-A1457,ASIAN MOLD CRAFT INTERNATIONAL DECOR,,Musaffah Shop,ABBAS ,220.0,0.0,220.0,11.0,2024-01-02,ABBAS,CASH,,HO,div_2006915470,man_1563038311,party_0078718603
CSI20,1155,2024-01-02,ARC-A0557,AL JABER SHIPPING AGENCY & MARINE WORKS LLC,,Multicolor,NISHAD T,3120.0,0.0,3120.0,156.0,2024-01-02,SAFEER M,CASH,,MCJ,div_0556003793,man_1830493139,party_1601582860
CSI20,1154,2024-01-02,ARC-W0021,WALK IN - MCJ,,Multicolor,SAMSHEER ,1100.0,0.0,1100.0,55.0,2024-01-02,SAFEER M,CASH,,MCJ,div_0556003793,man_1994684813,party_0984764295
CSI20,1156,2024-01-02,ARC-W0021,WALK IN - MCJ,,Multicolor,SANOOP,165.0,0.0,165.0,8.25,2024-01-02,RISHAD C,CASH,,MCJ,div_0556003793,man_0264100041,party_0984764295
CSI10,1062,2024-01-02,ARC-O0079,OSUS ALHAYA GENERAL CONTRACTING L.L.C,,Musaffah Shop,NASSAR,504.5,0.06,504.44,25.23,2024-01-02,SHIBIN,CASH,,HO,div_2006915470,man_0864799156,party_1561994174
CSI20,1157,2024-01-02,ARC-W0021,WALK IN - MCJ,,Multicolor,SANOOP,207.0,0.0,207.0,10.35,2024-01-02,RISHAD C,CASH,,MCJ,div_0556003793,man_0264100041,party_0984764295
CSI10,1065,2024-01-02,ARC-L0093,LIWA DRINKING WATER PURIFICATION - SOLE PROPRIETORSHIP LLC,,Musaffah Shop,AKTAR HOSSAIN,87.5,0.0,87.5,4.38,2024-01-02,AKTAR,CASH,,HO,div_2006915470,man_0900539661,party_0349736542
CSI10,1064,2024-01-02,ARC-W0022,WALK IN - MUS SHOP,,Musaffah Shop,NASSAR,48.0,0.0,48.0,2.4,2024-01-02,NASSAR,CASH,,HO,div_2006915470,man_0864799156,party_0832930093
CSI10,1063,2024-01-02,ARC-W0022,WALK IN - MUS SHOP,,Musaffah Shop,ABBAS ,7.5,0.0,7.5,0.38,2024-01-02,ABBAS,CASH,,HO,div_2006915470,man_1563038311,party_0832930093
CSI40,1015,2024-01-02,ARC-G1613,GIAS UDDIN,,Branch 2,SHAJAHAN ,167.0,0.0,167.0,8.35,2024-01-02,SHAJAHAN M,CASH,,Branch 2,div_0097926054,man_1937350786,party_1947863309
CSI20,1158,2024-01-02,ARC-P0208,POLISHED INTERIORS,LPO-06-2024,Multicolor,SANOOP,570.0,0.0,570.0,28.5,2024-01-02,SAMSHEER,CASH,,MCJ,div_0556003793,man_0264100041,party_0298107918
CSI20,1159,2024-01-02,ARC-S0155,SEA LINE GENERAL CONTRACTING,,Multicolor,SAMSHEER ,245.0,0.0,245.0,12.25,2024-01-02,SAMSHEER,CASH,,MCJ,div_0556003793,man_1994684813,party_1870155921
CSI40,1016,2024-01-02,ARC-A0470,AL FOAH COMPANY L.L.C,,Branch 2,SHAJAHAN ,81.35,0.0,81.35,4.07,2024-01-02,SHAJAHAN M,CASH,,Branch 2,div_0097926054,man_1937350786,party_1523083360
CSI20,1160,2024-01-02,ARC-W0021,WALK IN - MCJ,,Multicolor,SAMSHEER ,1110.0,0.0,1110.0,55.5,2024-01-02,SAMSHEER,CASH,,MCJ,div_0556003793,man_1994684813,party_0984764295
CSI10,1066,2024-01-02,ARC-L0093,LIWA DRINKING WATER PURIFICATION - SOLE PROPRIETORSHIP LLC,,Musaffah Shop,AKTAR HOSSAIN,107.4,0.0,107.4,5.38,2024-01-02,AKTAR,CASH,,HO,div_2006915470,man_0900539661,party_0349736542
CSI20,1162,2024-01-02,ARC-A1095,AL WASL TRADING GROUP,,Multicolor,NISHAD T,455.0,0.0,455.0,22.75,2024-01-02,SAMSHEER,CASH,,MCJ,div_0556003793,man_1830493139,party_1731863598
OSI10,1322,2024-01-02,AR-S0026,SARIAH NON SPECIALIZED FACILITIES MANAGEMENT L.L.C.,PO/2024/21113,Musaffah Shop,ANSAR ,115.0,0.0,115.0,5.75,2024-02-13,ASHKAR,CREDIT,MUSAFFH ABU DHABI,HO,div_2006915470,man_0731228032,party_0918097423
CSI20,1161,2024-01-02,ARC-A1819,AL SHAHBA GENERAL CONTRACTING ESTABLISHMENT,,Multicolor,RISHAD C,1795.0,0.0,1795.0,89.75,2024-01-02,SAFEER M,CASH,,MCJ,div_0556003793,man_1841802797,party_1790924701
CSI10,1067,2024-01-02,ARC-M1606,MICRON MECHANICAL EQUIPMENT,,Musaffah Shop,NASSAR,195.0,0.0,195.0,9.75,2024-01-02,KEA,CASH,,HO,div_2006915470,man_0864799156,party_1801675226
CSI20,1163,2024-01-02,ARC-W0021,WALK IN - MCJ,,Multicolor,RISHAD C,72.0,0.0,72.0,3.6,2024-01-02,RISHAD C,CASH,,MCJ,div_0556003793,man_1841802797,party_0984764295
CSI20,1164,2024-01-02,ARC-E0242,EXPERT HOME GENERAL CONTRACTING,,Multicolor,NISHAD T,1338.0,4.9,1333.1,66.67,2024-01-02,RISHAD C,CASH,,MCJ,div_0556003793,man_1830493139,party_1817766416
CSI10,1068,2024-01-02,ARC-A0432,AL ETIBAR ELECTROMECHANICAL CONTRACTING L.L.C.,,Musaffah Shop,FAISAL,96.0,1.0,95.0,4.76,2024-01-02,FAISAL,CASH,,HO,div_2006915470,man_1993412060,party_0572751279
CSI10,1069,2024-01-02,ARC-W0022,WALK IN - MUS SHOP,,Musaffah Shop,ABBAS ,1050.0,2.52,1047.48,52.37,2024-01-02,ABBAS,CASH,,HO,div_2006915470,man_1563038311,party_0832930093
CSI20,1169,2024-01-02,ARC-W0021,WALK IN - MCJ,,Multicolor,JAFEER ,180.0,0.0,180.0,9.0,2024-01-02,RISHAD C,CASH,,MCJ,div_0556003793,man_1683097300,party_0984764295
SI30,1005,2024-01-02,AR-S0083,SUPREME INDUSTRIAL TOOLS TRD. LLC,SUPREME020124,Sharjah,ZAMEER ,875.0,0.0,875.0,43.75,2024-01-02,ZAINUDHEEN,CREDIT,AJMAN,Sharjah,div_1742449716,man_1964161347,party_1420628040
CSI10,1072,2024-01-02,ARC-S0080,SALEM AL MASKARI GENERAL TRANSPORTING ESTABISHMENT,,Musaffah Shop,FAISAL,2221.5,2.44,2219.06,110.96,2024-01-02,FAISAL,CASH,,HO,div_2006915470,man_1993412060,party_0312354838
CSI20,1165,2024-01-02,ARC-S0561,SALEEM HARDWARE TRADING,,Multicolor,SAMSHEER ,15.0,0.0,15.0,0.75,2024-01-02,SAMSHEER,CASH,,MCJ,div_0556003793,man_1994684813,party_0454264150
CSI20,1166,2024-01-02,ARC-C0107,CIVIL POWER GENERAL CONTRACTING,,Multicolor,BAJU ,290.0,0.0,290.0,14.5,2024-01-02,SAMSHEER,CASH,,MCJ,div_0556003793,man_1108579223,party_1279847469
CSI20,1167,2024-01-02,ARC-W0021,WALK IN - MCJ,,Multicolor,SAMSHEER ,3850.0,0.0,3850.0,192.5,2024-01-02,SAMSHEER,CASH,,MCJ,div_0556003793,man_1994684813,party_0984764295
OSI10,1185,2024-01-02,AR-D0027,DUSSMANN GULF LLC,4500015990,Musaffah Shop,ANSAR ,150.0,0.0,150.0,7.5,2024-02-02,ASHKAR,CREDIT,ABU DHABI,HO,div_2006915470,man_0731228032,party_1391118921
CSI10,1070,2024-01-02,ARC-10001,1043705-ALL KIND BUILDING PROJECTS CONTRACTING LLC,,Musaffah Shop,ABBAS ,34080.1,0.0,34080.1,1704.01,2024-01-02,ABBAS,CASH,,HO,div_2006915470,man_1563038311,party_1109051331
CSI10,1071,2024-01-02,ARC-S0374,SOTOUH GENERAL MAINTENANCE & CONTRCTING,,Musaffah Shop,ABBAS ,6150.0,7.25,6142.75,307.13,2024-01-02,ABBAS,CASH,,HO,div_2006915470,man_1563038311,party_1875343731
CSI20,1168,2024-01-02,ARC-C1601,Capital Catering And Services - Sole Proprietorship L.L.C.,,Multicolor,MANZOOR ,350.0,0.0,350.0,17.5,2024-01-02,SAMSHEER,CASH,,MCJ,div_0556003793,man_1167757235,party_0934837932
CSI40,1017,2024-01-02,ARC-I0028,IMKANAT CONTRACTING AND GENERAL MAINTENANCE,,Branch 2,RASHID ,540.0,0.0,540.0,27.0,2024-01-02,RASHID,CASH,,Branch 2,div_0097926054,man_0256316879,party_0332365251
CSI20,1170,2024-01-02,ARC-D0184,DOME DZ INTERNATIONAL GENERAL CONTRACTING LLC,,Multicolor,SAMSHEER ,940.0,0.0,940.0,47.0,2024-01-02,SAMSHEER,CASH,,MCJ,div_0556003793,man_1994684813,party_2076205177
CSI20,1179,2024-01-02,ARC-G1600,GULF SEISMIC GENERAL CONTRACTING LLC,,Multicolor,JAFEER ,310.0,0.0,310.0,15.5,2024-01-02,RISHAD C,CASH,,MCJ,div_0556003793,man_1683097300,party_0829896723
CSI20,1171,2024-01-02,ARC-T0247,TRAVENCORE EQUIPMENT EST,,Multicolor,SHAHID ,1290.0,0.0,1290.0,64.5,2024-01-02,SAMSHEER,CASH,,MCJ,div_0556003793,man_1995826233,party_1877402496
CSI10,1073,2024-01-02,ARC-S0080,SALEM AL MASKARI GENERAL TRANSPORTING ESTABISHMENT,,Musaffah Shop,FAISAL,240.0,2.0,238.0,11.91,2024-01-02,FAISAL,CASH,,HO,div_2006915470,man_1993412060,party_0312354838
CSI20,1172,2024-01-02,ARC-Y1581,YOUNG LIFE BUILDING MATERIALS - L.L.C - O.P.C,,Multicolor,SAMSHEER ,54.0,0.0,54.0,2.7,2024-01-02,SAMSHEER,CASH,ABU DHABI,MCJ,div_0556003793,man_1994684813,party_1238708972
CSI20,1173,2024-01-02,ARC-W0021,WALK IN - MCJ,,Multicolor,MANZOOR ,33.75,0.47,33.28,1.66,2024-01-02,SAMSHEER,CASH,,MCJ,div_0556003793,man_1167757235,party_0984764295
CSI20,1174,2024-01-02,ARC-W0021,WALK IN - MCJ,,Multicolor,SHAFI,90.0,0.0,90.0,4.5,2024-01-02,SAMSHEER,CASH,,MCJ,div_0556003793,man_1461566380,party_0984764295
CSI20,1175,2024-01-02,ARC-W0021,WALK IN - MCJ,,Multicolor,MANZOOR ,152.0,0.0,152.0,7.6,2024-01-02,SAMSHEER,CASH,,MCJ,div_0556003793,man_1167757235,party_0984764295
CSI40,1018,2024-01-02,ARC-W0024,WALK IN - BR2,,Branch 2,RINSHAD M U,2042.35,0.0,2042.35,102.13,2024-01-02,RINSHAD MU,CASH,,Branch 2,div_0097926054,man_0298694519,party_2060039225
CSI20,1176,2024-01-02,ARC-T0093,TECHNOS ELETRO MECHANICAL,,Multicolor,BAJU ,420.0,0.0,420.0,21.0,2024-01-02,SAMSHEER,CASH,,MCJ,div_0556003793,man_1108579223,party_1184536732
CSI20,3283,2024-01-16,ARC-W0021,WALK IN - MCJ,,Multicolor,SAMSHEER ,112.5,0.0,112.5,5.63,2024-01-16,SAMSHEER,CASH,,MCJ,div_0556003793,man_1994684813,party_0984764295
CSI20,1177,2024-01-02,ARC-P0139,POWERFULL TEAM GENERAL MAINTENANCE & CONTRACTING,,Multicolor,MANZOOR ,760.0,0.0,760.0,38.0,2024-01-02,SAMSHEER,CASH,,MCJ,div_0556003793,man_1167757235,party_1070102653
CSI10,1074,2024-01-02,ARC-W0022,WALK IN - MUS SHOP,,Musaffah Shop,ABBAS ,140.0,0.0,140.0,7.0,2024-01-02,FAISAL,CASH,,HO,div_2006915470,man_1563038311,party_0832930093
CSI20,1178,2024-01-02,ARC-W0021,WALK IN - MCJ,,Multicolor,SAMSHEER ,160.0,0.0,160.0,8.0,2024-01-02,SAMSHEER,CASH,,MCJ,div_0556003793,man_1994684813,party_0984764295
CSI10,1075,2024-01-02,ARC-W0022,WALK IN - MUS SHOP,,Musaffah Shop,SUNDARAN ,247.0,0.0,247.0,12.35,2024-01-02,BILAL,CASH,,HO,div_2006915470,man_0622657813,party_0832930093
CSI20,1180,2024-01-02,ARC-B1622,BADER UAE,,Multicolor,JAFEER ,354.0,0.0,354.0,17.7,2024-01-02,RISHAD C,CASH,,MCJ,div_0556003793,man_1683097300,party_1671454164
CSI40,1020,2024-01-02,ARC-W0024,WALK IN - BR2,,Branch 2,RINSHAD M U,354.0,0.0,354.0,17.7,2024-01-02,RINSHAD MU,CASH,,Branch 2,div_0097926054,man_0298694519,party_2060039225
CSI10,1076,2024-01-02,ARC-W0022,WALK IN - MUS SHOP,,Musaffah Shop,AKTAR HOSSAIN,520.0,0.0,520.0,26.0,2024-01-02,BILAL,CASH,,HO,div_2006915470,man_0900539661,party_0832930093
CSI40,1019,2024-01-02,ARC-A1617,ABU DHABI ARCH BUILDING MATERIALS,,Branch 2,ABDUL SATHAR,250.0,0.0,250.0,12.5,2024-01-02,SHAJAHAN M,CASH,ABU DHABI,Branch 2,div_0097926054,man_0427457728,party_0777397380
CSI20,1182,2024-01-02,ARC-W0021,WALK IN - MCJ,,Multicolor,SAFEER M,365.0,0.0,365.0,18.25,2024-01-02,SAFEER M,CASH,,MCJ,div_0556003793,man_1859775013,party_0984764295
CSI20,1181,2024-01-02,ARC-Z0014,ZAIN METAL AND STEEL WORKS LLC OPC,,Multicolor,SHAHID ,170.0,0.0,170.0,8.5,2024-01-02,SAMSHEER,CASH,,MCJ,div_0556003793,man_1995826233,party_1163354464
CSI20,1183,2024-01-02,ARC-W0021,WALK IN - MCJ,,Multicolor,JAFEER ,550.0,0.0,550.0,27.5,2024-01-02,RISHAD C,CASH,,MCJ,div_0556003793,man_1683097300,party_0984764295
CSI20,1185,2024-01-02,ARC-G1614,GRAVITY GENERAL MAINT,,Multicolor,JAFEER ,680.0,0.0,680.0,34.0,2024-01-02,RISHAD C,CASH,,MCJ,div_0556003793,man_1683097300,party_1263365992
CSI20,1184,2024-01-02,ARC-W0021,WALK IN - MCJ,,Multicolor,SAMSHEER ,352.0,0.0,352.0,17.6,2024-01-02,SAMSHEER,CASH,,MCJ,div_0556003793,man_1994684813,party_0984764295
CSI20,1187,2024-01-02,ARC-W0021,WALK IN - MCJ,,Multicolor,SHAFI,57.0,0.0,57.0,2.85,2024-01-02,SAMSHEER,CASH,,MCJ,div_0556003793,man_1461566380,party_0984764295
CSI20,1186,2024-01-02,ARC-R0104,REGAL ELECTRICAL TRADING,,Multicolor,JAFEER ,590.0,0.0,590.0,29.5,2024-01-02,RISHAD C,CASH,ABU DHABI,MCJ,div_0556003793,man_1683097300,party_0588245733
CSI10,1077,2024-01-02,ARC-N0050,NATION WIDE PROPERTY MANAGMENT AND MAINTENANCE L.L.C,,Musaffah Shop,ABBAS ,183.0,0.15,182.85,9.15,2024-01-02,ABBAS,CASH,,HO,div_2006915470,man_1563038311,party_0351601782
CSI20,1190,2024-01-02,ARC-W0021,WALK IN - MCJ,,Multicolor,JAFEER ,200.0,0.0,200.0,10.0,2024-01-02,RISHAD C,CASH,,MCJ,div_0556003793,man_1683097300,party_0984764295
CSI10,1078,2024-01-02,ARC-W0022,WALK IN - MUS SHOP,,Musaffah Shop,SUNDARAN ,54.5,0.0,54.5,2.74,2024-01-02,FAISAL,CASH,,HO,div_2006915470,man_0622657813,party_0832930093
CSI20,1188,2024-01-02,ARC-A1225,ALNAMAT ALHANDASY GENERAL CONTRACTING AND MAINTENANCE LLC,,Multicolor,SAMSHEER ,310.0,0.0,310.0,15.5,2024-01-02,SAMSHEER,CASH,,MCJ,div_0556003793,man_1994684813,party_1794007979
CSI20,1189,2024-01-02,ARC-W0021,WALK IN - MCJ,,Multicolor,SHAHID ,862.0,5.0,857.0,42.85,2024-01-02,SAMSHEER,CASH,,MCJ,div_0556003793,man_1995826233,party_0984764295
CSI20,1191,2024-01-02,ARC-W0021,WALK IN - MCJ,,Multicolor,JAFEER ,10.0,0.0,10.0,0.5,2024-01-02,RISHAD C,CASH,,MCJ,div_0556003793,man_1683097300,party_0984764295
CSI20,1192,2024-01-02,ARC-A1828,Al Mubadara Telecommunication Systems Equipment Installation and Maintenance - L.L.C - O.P.C,,Multicolor,JAFEER ,6180.0,0.0,6180.0,309.0,2024-01-02,SAMSHEER,CASH,,MCJ,div_0556003793,man_1683097300,party_0809373272
CSI20,1193,2024-01-02,ARC-W0021,WALK IN - MCJ,,Multicolor,JAFEER ,199.0,0.0,199.0,9.95,2024-01-02,RISHAD C,CASH,,MCJ,div_0556003793,man_1683097300,party_0984764295
CSI10,1079,2024-01-02,ARC-W0022,WALK IN - MUS SHOP,,Musaffah Shop,AKTAR HOSSAIN,10.0,0.0,10.0,0.5,2024-01-02,FAISAL,CASH,,HO,div_2006915470,man_0900539661,party_0832930093
CSI20,1194,2024-01-02,ARC-F1595,FIRST LINE MARBLE TRADING,,Multicolor,SAMSHEER ,240.0,2.0,238.0,11.9,2024-01-02,SAMSHEER,CASH,,MCJ,div_0556003793,man_1994684813,party_1974092998
CSI20,1195,2024-01-02,ARC-A1834,Al Taif Building Materials Co.W L L,,Multicolor,SHAFI,630.0,0.0,630.0,31.5,2024-01-02,SAMSHEER,CASH,,MCJ,div_0556003793,man_1461566380,party_1419565995
CSI10,1080,2024-01-02,ARC-W0022,WALK IN - MUS SHOP,,Musaffah Shop,AKTAR HOSSAIN,5.0,0.0,5.0,0.25,2024-01-02,FAISAL,CASH,,HO,div_2006915470,man_0900539661,party_0832930093
CSI20,1196,2024-01-02,ARC-W0021,WALK IN - MCJ,,Multicolor,BAJU ,340.0,0.0,340.0,17.0,2024-01-02,SAMSHEER,CASH,,MCJ,div_0556003793,man_1108579223,party_0984764295
CSRT10,1001,2024-01-02,ARC-W0022,WALK IN - MUS SHOP,,Musaffah Shop,ABBAS ,-100.0,0.0,-100.0,-5.0,2024-01-02,KEA,CASH,,HO,div_2006915470,man_1563038311,party_0832930093
CSI20,1197,2024-01-02,ARC-W0021,WALK IN - MCJ,,Multicolor,SAFEER M,150.0,0.5,149.5,7.48,2024-01-02,RISHAD C,CASH,,MCJ,div_0556003793,man_1859775013,party_0984764295
CSRT20,1001,2024-01-02,ARC-T1614,THERMO DYNAMIC TECHNICAL SERVICES,,Multicolor,SAMSHEER ,-450.0,0.0,-450.0,-22.5,2024-01-02,SAMSHEER,CASH,,MCJ,div_0556003793,man_1994684813,party_1144058050
CSI10,1081,2024-01-03,ARC-W0022,WALK IN - MUS SHOP,,Musaffah Shop,SUNDARAN ,27.0,0.34,26.66,1.34,2024-01-03,KEA,CASH,,HO,div_2006915470,man_0622657813,party_0832930093
CSI20,1198,2024-01-03,ARC-W0021,WALK IN - MCJ,,Multicolor,RISHAD C,550.0,0.0,550.0,27.5,2024-01-03,SAMSHEER,CASH,,MCJ,div_0556003793,man_1841802797,party_0984764295
CSRT20,1002,2024-01-03,ARC-W0021,WALK IN - MCJ,,Multicolor,RISHAD C,-320.0,0.0,-320.0,-16.0,2024-01-03,SAMSHEER,CASH,,MCJ,div_0556003793,man_1841802797,party_0984764295
CSI10,1082,2024-01-03,ARC-W0022,WALK IN - MUS SHOP,,Musaffah Shop,NASSAR,40.0,0.0,40.0,2.0,2024-01-03,FAISAL,CASH,,HO,div_2006915470,man_0864799156,party_0832930093
CSI20,1199,2024-01-03,ARC-C0145,COMMANDER GENERAL CONTRACTING - SOLE PROPRIETORSHIP L.L.C.,,Multicolor,BAJU ,4339.0,0.0,4339.0,216.95,2024-01-03,SAMSHEER,CASH,,MCJ,div_0556003793,man_1108579223,party_0250286206
CSI20,1200,2024-01-03,ARC-C0145,COMMANDER GENERAL CONTRACTING - SOLE PROPRIETORSHIP L.L.C.,,Multicolor,SAMSHEER ,103.0,0.15,102.85,5.14,2024-01-03,SAMSHEER,CASH,,MCJ,div_0556003793,man_1994684813,party_0250286206
CSI20,1203,2024-01-03,ARC-A1142,ALBERWAZ ALFANE DECORATION WORKS,,Multicolor,SAMSHEER ,22.0,1.1,20.9,1.05,2024-01-03,SAMSHEER,CASH,,MCJ,div_0556003793,man_1994684813,party_0461667814
CSI20,1201,2024-01-03,ARC-M0050,MAIS INTERIOR DESIGN,,Multicolor,SHAHID ,174.0,0.0,174.0,8.7,2024-01-03,RISHAD C,CASH,,MCJ,div_0556003793,man_1995826233,party_1983706411
CSI40,1021,2024-01-03,ARC-S0435,STANDMAX GENERAL MAINTENANCE LLC,,Branch 2,RASHID ,16.3,0.0,16.3,0.82,2024-01-03,RASHID,CASH,,Branch 2,div_0097926054,man_0256316879,party_0676694042
CSI20,1202,2024-01-03,ARC-R1617,REIGN REAL ESTATE LLC,,Multicolor,SANOOP,40.0,0.0,40.0,2.0,2024-01-03,RISHAD C,CASH,,MCJ,div_0556003793,man_0264100041,party_0883278983
CSI20,1204,2024-01-03,ARC-W0021,WALK IN - MCJ,,Multicolor,SAMSHEER ,36.0,0.8,35.2,1.76,2024-01-03,SAMSHEER,CASH,,MCJ,div_0556003793,man_1994684813,party_0984764295
CSI20,1205,2024-01-03,ARC-W0021,WALK IN - MCJ,,Multicolor,SAMSHEER ,70.0,0.0,70.0,3.5,2024-01-03,SAMSHEER,CASH,,MCJ,div_0556003793,man_1994684813,party_0984764295
CSI40,1022,2024-01-03,ARC-A1549,ARABIAN CONTRACTING ADVANCED CO LLC,,Branch 2,RASHID ,27.0,0.0,27.0,1.35,2024-01-03,RASHID,CASH,,Branch 2,div_0097926054,man_0256316879,party_0806752506
CSI20,1206,2024-01-03,ARC-W0021,WALK IN - MCJ,,Multicolor,SAMSHEER ,15.0,0.0,15.0,0.75,2024-01-03,SAMSHEER,CASH,,MCJ,div_0556003793,man_1994684813,party_0984764295
CSI10,1083,2024-01-03,ARC-W0022,WALK IN - MUS SHOP,,Musaffah Shop,FAISAL,77.0,0.85,76.15,3.81,2024-01-03,FAISAL,CASH,,HO,div_2006915470,man_1993412060,party_0832930093
CSI20,1207,2024-01-03,ARC-B1618,BRIGHT WAY HARDWARES,,Multicolor,SHAFI,55.0,0.0,55.0,2.75,2024-01-03,SAMSHEER,CASH,,MCJ,div_0556003793,man_1461566380,party_0396215805
CSRT10,1002,2024-01-03,ARC-W0022,WALK IN - MUS SHOP,,Musaffah Shop,AKTAR HOSSAIN,-75.0,0.0,-75.0,-3.75,2024-01-03,KEA,CASH,,HO,div_2006915470,man_0900539661,party_0832930093
CSI40,1023,2024-01-03,ARC-S0275,SIGMA,,Branch 2,RASHID ,3347.0,0.0,3347.0,167.35,2024-01-03,RASHID,CREDIT,,Branch 2,div_0097926054,man_0256316879,party_0077769424
CSI10,1084,2024-01-03,ARC-W0022,WALK IN - MUS SHOP,,Musaffah Shop,AKTAR HOSSAIN,83.5,0.0,83.5,4.18,2024-01-03,FAISAL,CASH,,HO,div_2006915470,man_0900539661,party_0832930093
CSI20,1208,2024-01-03,ARC-F1597,FAIR DEAL GENERAL TRADING LLC.,,Multicolor,SAMSHEER ,3715.0,0.0,3715.0,185.75,2024-01-03,SAMSHEER,CASH,,MCJ,div_0556003793,man_1994684813,party_0835763216
CSI20,1209,2024-01-03,ARC-W0021,WALK IN - MCJ,,Multicolor,SAMSHEER ,780.0,0.0,780.0,39.0,2024-01-03,SAMSHEER,CASH,,MCJ,div_0556003793,man_1994684813,party_0984764295
CSI20,1210,2024-01-03,ARC-W0021,WALK IN - MCJ,,Multicolor,SANOOP,223.0,0.0,223.0,11.15,2024-01-03,SAMSHEER,CASH,,MCJ,div_0556003793,man_0264100041,party_0984764295
CSI40,1024,2024-01-03,ARC-D0026,DAR AL HAI REAL ESTATE & GENERAL MAINTENANCE - LLC,,Branch 2,RINSHAD M U,1016.7,0.0,1016.7,50.85,2024-01-03,RINSHAD MU,CASH,,Branch 2,div_0097926054,man_0298694519,party_1142726769
CSI10,1086,2024-01-03,ARC-W0098,WHITE WATER TECHNICAL SERVICES L.L.C,,Musaffah Shop,AKTAR HOSSAIN,121.0,0.0,121.0,6.05,2024-01-03,FAISAL,CASH,,HO,div_2006915470,man_0900539661,party_0814669886
CSI20,1211,2024-01-03,ARC-W0021,WALK IN - MCJ,,Multicolor,MANZOOR ,975.0,0.0,975.0,48.75,2024-01-03,SAMSHEER,CASH,,MCJ,div_0556003793,man_1167757235,party_0984764295
CSI20,1212,2024-01-03,ARC-W0021,WALK IN - MCJ,,Multicolor,NISHAD T,150.0,0.0,150.0,7.5,2024-01-03,SAMSHEER,CASH,,MCJ,div_0556003793,man_1830493139,party_0984764295
CSI10,1085,2024-01-03,ARC-W0022,WALK IN - MUS SHOP,,Musaffah Shop,SUNDARAN ,9201.15,0.0,9201.15,460.07,2024-01-03,KEA,CASH,,HO,div_2006915470,man_0622657813,party_0832930093
CSI20,1213,2024-01-03,ARC-T0030,TARGET LINK OIL FIELD EQUIPMENTS TRADING,,Multicolor,MANZOOR ,275.0,0.0,275.0,13.75,2024-01-03,SAMSHEER,CASH,,MCJ,div_0556003793,man_1167757235,party_1110998807
CSI20,1214,2024-01-03,ARC-W0021,WALK IN - MCJ,,Multicolor,NISHAD T,360.0,0.0,360.0,18.0,2024-01-03,SAMSHEER,CASH,,MCJ,div_0556003793,man_1830493139,party_0984764295
CSI20,1215,2024-01-03,ARC-W0021,WALK IN - MCJ,,Multicolor,SHAFI,195.0,0.0,195.0,9.75,2024-01-03,SAMSHEER,CASH,,MCJ,div_0556003793,man_1461566380,party_0984764295
CSI40,1025,2024-01-03,ARC-A1696,AL HUMSI SANITARY CONTRACTING & GENERAL MAINTENANCE LLC,,Branch 2,HAMZA V,486.0,0.0,486.0,24.3,2024-01-03,RINSHAD MU,CASH,,Branch 2,div_0097926054,man_0843606315,party_1832608294
CSI20,1216,2024-01-03,ARC-W0021,WALK IN - MCJ,,Multicolor,SAMSHEER ,1420.0,0.0,1420.0,71.0,2024-01-03,SAMSHEER,CASH,,MCJ,div_0556003793,man_1994684813,party_0984764295
CSI20,1217,2024-01-03,ARC-W0021,WALK IN - MCJ,,Multicolor,SHAFI,485.5,0.0,485.5,24.28,2024-01-03,SAMSHEER,CASH,,MCJ,div_0556003793,man_1461566380,party_0984764295
CSI40,1026,2024-01-03,ARC-D0183,DENO GENERAL CONSTRUCTION - L.L.C,,Branch 2,RASHID ,145.0,0.0,145.0,7.26,2024-01-03,RASHID,CASH,,Branch 2,div_0097926054,man_0256316879,party_1982945110
CSI10,1087,2024-01-03,ARC-A1825,AL NAKHEEL ISLAND CONTRACTING & GENERAL MAINTENANCE,,Musaffah Shop,SUNDARAN ,4440.0,0.0,4440.0,222.0,2024-01-03,BILAL,CASH,,HO,div_2006915470,man_0622657813,party_1126522267
CSI10,1088,2024-01-03,ARC-M0257,MODERN EAST GENERAL CONTRACTING L.L.C,HASSAN HAMADI,Musaffah Shop,NASSAR,130.0,0.0,130.0,6.5,2024-01-03,NASSAR,CASH,,HO,div_2006915470,man_0864799156,party_0489304979
CSI10,1089,2024-01-03,ARC-M0257,MODERN EAST GENERAL CONTRACTING L.L.C,,Musaffah Shop,NASSAR,185.0,0.0,185.0,9.25,2024-01-03,NASSAR,CASH,,HO,div_2006915470,man_0864799156,party_0489304979
CSI10,1090,2024-01-03,ARC-M0257,MODERN EAST GENERAL CONTRACTING L.L.C,BALOOSHE,Musaffah Shop,NASSAR,740.5,0.0,740.5,37.03,2024-01-03,NASSAR,CASH,,HO,div_2006915470,man_0864799156,party_0489304979
CSI40,1027,2024-01-03,ARC-D0183,DENO GENERAL CONSTRUCTION - L.L.C,,Branch 2,RASHID ,1155.0,0.0,1155.0,57.75,2024-01-03,RASHID,CASH,,Branch 2,div_0097926054,man_0256316879,party_1982945110
CSI10,1091,2024-01-03,ARC-M0257,MODERN EAST GENERAL CONTRACTING L.L.C,,Musaffah Shop,NASSAR,755.0,0.0,755.0,37.75,2024-01-03,NASSAR,CASH,,HO,div_2006915470,man_0864799156,party_0489304979
CSI20,1218,2024-01-03,ARC-W0021,WALK IN - MCJ,,Multicolor,SHAFI,33.0,0.0,33.0,1.65,2024-01-03,SAMSHEER,CASH,,MCJ,div_0556003793,man_1461566380,party_0984764295
CSI20,1219,2024-01-03,ARC-W0021,WALK IN - MCJ,,Multicolor,MANZOOR ,1209.0,0.0,1209.0,60.45,2024-01-03,SAMSHEER,CASH,,MCJ,div_0556003793,man_1167757235,party_0984764295
CSI20,1220,2024-01-03,ARC-W1590,WAFT TECHNICAL SUPPLIES LLC,,Multicolor,RISHAD C,510.0,0.0,510.0,25.5,2024-01-03,RISHAD C,CASH,,MCJ,div_0556003793,man_1841802797,party_1662158445
CSI20,1221,2024-01-03,ARC-E1610,EXPRESS FACILITY MANAGMENT,,Multicolor,SHAFI,303.0,0.0,303.0,15.15,2024-01-03,RISHAD C,CASH,,MCJ,div_0556003793,man_1461566380,party_0747037540
CSI20,1222,2024-01-03,ARC-H0026,HAFILA GENERAL CONTRACTING & MAITENANCE,,Multicolor,MANZOOR ,700.0,0.0,700.0,35.0,2024-01-03,RISHAD C,CASH,,MCJ,div_0556003793,man_1167757235,party_0113709609
CSI20,1226,2024-01-03,ARC-A1837,Advanced Way Building Material Trading Llc,,Multicolor,JAFEER ,4275.0,0.0,4275.0,213.75,2024-01-03,RISHAD C,CASH,,MCJ,div_0556003793,man_1683097300,party_1287637001
CSI20,1223,2024-01-03,ARC-T0144,THE RED AROMA GENERAL MAINTENANCE,,Multicolor,SHAFI,210.0,0.0,210.0,10.5,2024-01-03,RISHAD C,CASH,,MCJ,div_0556003793,man_1461566380,party_0810804525
CSI20,1224,2024-01-03,ARC-G1584,GULF ERECTION CO.L.L.C,,Multicolor,RISHAD C,55.0,0.0,55.0,2.75,2024-01-03,RISHAD C,CASH,,MCJ,div_0556003793,man_1841802797,party_1266811690
CSI20,1225,2024-01-03,ARC-S1650,STEP STONE GENERAL MAINTENANCE,,Multicolor,SHAFI,143.0,0.0,143.0,7.15,2024-01-03,RISHAD C,CASH,,MCJ,div_0556003793,man_1461566380,party_1528159844
CSI40,1028,2024-01-03,ARC-C0180,COOL LINE GENERAL MAINTENANCE EST,,Branch 2,RINSHAD M U,94.0,0.0,94.0,4.7,2024-01-03,RINSHAD MU,CASH,,Branch 2,div_0097926054,man_0298694519,party_2056876478
CSI10,1093,2024-01-03,ARC-A1466,ASQALAN CONSTRUCTION AND DEVELOPMENT LLC,,Musaffah Shop,FAISAL,270.0,0.5,269.5,13.48,2024-01-03,NASSAR,CASH,,HO,div_2006915470,man_1993412060,party_0026782061
CSI10,1094,2024-01-03,ARC-W0022,WALK IN - MUS SHOP,,Musaffah Shop,FAISAL,45.0,0.0,45.0,2.25,2024-01-03,NASSAR,CASH,,HO,div_2006915470,man_1993412060,party_0832930093
CSI40,1030,2024-01-03,ARC-N1608,NAFFCO ELECTRO MECHANICAL CO. L.L.C,,Branch 2,RINSHAD M U,397.0,0.0,397.0,19.85,2024-01-03,RINSHAD MU,CASH,,Branch 2,div_0097926054,man_0298694519,party_1343299138
CSI20,1227,2024-01-03,ARC-W0021,WALK IN - MCJ,,Multicolor,SHAFI,660.0,0.0,660.0,33.0,2024-01-03,RISHAD C,CASH,,MCJ,div_0556003793,man_1461566380,party_0984764295
CSI20,1247,2024-01-03,ARC-W0021,WALK IN - MCJ,,Multicolor,SHAHID ,220.0,0.0,220.0,11.0,2024-01-03,RISHAD C,CASH,,MCJ,div_0556003793,man_1995826233,party_0984764295
CSI10,1096,2024-01-03,ARC-A0609,AL KHARAFI SWIMMING POOLS,,Musaffah Shop,FAISAL,73.0,0.35,72.65,3.63,2024-01-03,NASSAR,CASH,,HO,div_2006915470,man_1993412060,party_0518977967
CSI20,1228,2024-01-03,ARC-K0020,KENSHO DESIGNS DECOR L.L.C.,,Multicolor,NISHAD T,160.0,0.0,160.0,8.0,2024-01-03,RISHAD C,CASH,,MCJ,div_0556003793,man_1830493139,party_0418364020
CSI20,1229,2024-01-03,ARC-W0021,WALK IN - MCJ,,Multicolor,SAMSHEER ,6.0,0.3,5.7,0.29,2024-01-03,RISHAD C,CASH,,MCJ,div_0556003793,man_1994684813,party_0984764295
CSI10,1095,2024-01-03,ARC-W0022,WALK IN - MUS SHOP,,Musaffah Shop,AKTAR HOSSAIN,46.0,0.0,46.0,2.3,2024-01-03,BILAL,CASH,,HO,div_2006915470,man_0900539661,party_0832930093
CSI10,1097,2024-01-03,ARC-W0022,WALK IN - MUS SHOP,,Musaffah Shop,NASSAR,160.0,0.0,160.0,8.0,2024-01-03,KEA,CASH,,HO,div_2006915470,man_0864799156,party_0832930093
CSI40,1029,2024-01-03,ARC-M0029,MADA INTERNATIONAL ELECTROMECHANICAL CONTRACTING LLC,,Branch 2,RASHID ,62.0,0.0,62.0,3.1,2024-01-03,RASHID,CASH,,Branch 2,div_0097926054,man_0256316879,party_1208919614
CSI10,1098,2024-01-03,ARC-S0566,SIX SIGMA MIDDLE EAST CONSTRUCTIONS LLC,,Musaffah Shop,FAISAL,45.0,0.0,45.0,2.25,2024-01-03,NASSAR,CASH,,HO,div_2006915470,man_1993412060,party_1294257330
CSI10,1099,2024-01-03,ARC-W0022,WALK IN - MUS SHOP,,Musaffah Shop,ABBAS ,55.0,0.0,55.0,2.75,2024-01-03,ABBAS,CASH,,HO,div_2006915470,man_1563038311,party_0832930093
CSI10,1100,2024-01-03,ARC-W0022,WALK IN - MUS SHOP,,Musaffah Shop,AKTAR HOSSAIN,125.0,1.25,123.75,6.19,2024-01-03,BILAL,CASH,,HO,div_2006915470,man_0900539661,party_0832930093
CSI20,1230,2024-01-03,ARC-F0057,FB DESIGN,,Multicolor,SAMSHEER ,105.0,0.0,105.0,5.25,2024-01-03,SAMSHEER,CASH,,MCJ,div_0556003793,man_1994684813,party_1687118523
CSI20,1231,2024-01-03,ARC-L0134,LIFE VILLA CONTRACTING & GENERAL MAINTENANCES SOLE PROPRIETORSHIP LLC,,Multicolor,BAJU ,5520.0,0.0,5520.0,276.0,2024-01-03,SAMSHEER,CASH,,MCJ,div_0556003793,man_1108579223,party_0197252823
CSI20,1233,2024-01-03,ARC-W0021,WALK IN - MCJ,,Multicolor,SHAFI,193.0,0.66,192.34,9.61,2024-01-03,SAMSHEER,CASH,,MCJ,div_0556003793,man_1461566380,party_0984764295
CSI20,1232,2024-01-03,ARC-F0197,FORT BUILDING MATERIALS,PO240043,Multicolor,SAFEER M,1130.0,0.0,1130.0,56.5,2024-01-03,RISHAD C,CASH,,MCJ,div_0556003793,man_1859775013,party_0765383594
CSI20,1235,2024-01-03,ARC-F0197,FORT BUILDING MATERIALS,PO-240063,Multicolor,SAFEER M,1358.0,0.0,1358.0,67.9,2024-01-03,RISHAD C,CASH,,MCJ,div_0556003793,man_1859775013,party_0765383594
CSI10,1102,2024-01-03,ARC-L1595,LINENT GENERAL CONTRACTING LLC-SOLE PRO.L.L.C,,Musaffah Shop,AKTAR HOSSAIN,607.6,0.0,607.6,30.39,2024-01-03,BILAL,CASH,,HO,div_2006915470,man_0900539661,party_0647706388
CSI20,1234,2024-01-03,ARC-W0021,WALK IN - MCJ,,Multicolor,SAMSHEER ,36.75,0.59,36.16,1.81,2024-01-03,SAMSHEER,CASH,,MCJ,div_0556003793,man_1994684813,party_0984764295
CSI10,1101,2024-01-03,ARC-H1601,HAFEET LIGHT SWIMMING POOL,,Musaffah Shop,FAISAL,136.0,0.0,136.0,6.8,2024-01-03,FAISAL,CASH,,HO,div_2006915470,man_1993412060,party_2143611416
CSI20,1240,2024-01-03,ARC-W0021,WALK IN - MCJ,,Multicolor,JAFEER ,212.0,0.0,212.0,10.6,2024-01-03,RISHAD C,CASH,,MCJ,div_0556003793,man_1683097300,party_0984764295
CSI20,1236,2024-01-03,ARC-N0164,NOOR ISLAM ENGINEERING CO LLC,,Multicolor,SAMSHEER ,450.0,0.0,450.0,22.5,2024-01-03,SAMSHEER,CASH,,MCJ,div_0556003793,man_1994684813,party_2061563407
CSI20,1237,2024-01-03,ARC-M0020,MAAN ENG.GEN.CONTRACTING EST,,Multicolor,NISHAD T,680.0,0.0,680.0,34.0,2024-01-03,SAMSHEER,CASH,,MCJ,div_0556003793,man_1830493139,party_1658266291
CSI20,1238,2024-01-03,ARC-W0021,WALK IN - MCJ,,Multicolor,NISHAD T,165.0,0.0,165.0,8.25,2024-01-03,SAMSHEER,CASH,,MCJ,div_0556003793,man_1830493139,party_0984764295
CSI20,1239,2024-01-03,ARC-W0021,WALK IN - MCJ,,Multicolor,SHAFI,187.0,0.0,187.0,9.35,2024-01-03,SAMSHEER,CASH,,MCJ,div_0556003793,man_1461566380,party_0984764295
CSI20,1244,2024-01-03,ARC-W0021,WALK IN - MCJ,,Multicolor,SHAFI,15.0,0.0,15.0,0.75,2024-01-03,RISHAD C,CASH,,MCJ,div_0556003793,man_1461566380,party_0984764295
CSI40,1031,2024-01-03,ARC-A1840,AL REEF LANDSCAPING,,Branch 2,RASHID ,62.8,0.0,62.8,3.14,2024-01-03,RASHID,CASH,,Branch 2,div_0097926054,man_0256316879,party_1172664911
CSI20,1241,2024-01-03,ARC-W0021,WALK IN - MCJ,,Multicolor,SHAHID ,154.0,0.7,153.3,7.67,2024-01-03,SAMSHEER,CASH,,MCJ,div_0556003793,man_1995826233,party_0984764295
CSI20,1242,2024-01-03,ARC-G0003,G GLOBAL TECHNOLOGIES. L.L.C.,,Multicolor,RINSHAD T K,1530.0,0.0,1530.0,76.5,2024-01-03,SAMSHEER,CASH,,MCJ,div_0556003793,man_2128340233,party_1580607508
CSI20,1243,2024-01-03,ARC-H0168,HOME BOOSTS GENERAL MAINTENANCE,,Multicolor,SANOOP,55.0,0.0,55.0,2.75,2024-01-03,SAMSHEER,CASH,,MCJ,div_0556003793,man_0264100041,party_0784296412
CSI10,1103,2024-01-03,ARC-F0087,FIRE EAGLE SECURITY AND SAFETY SYSTEMS,,Musaffah Shop,ABBAS ,33.2,0.0,33.2,1.66,2024-01-03,ABBAS,CASH,,HO,div_2006915470,man_1563038311,party_0388925645
CSI10,1104,2024-01-03,ARC-W0022,WALK IN - MUS SHOP,,Musaffah Shop,NASSAR,362.0,0.0,362.0,18.1,2024-01-03,NASSAR,CASH,,HO,div_2006915470,man_0864799156,party_0832930093
CSI20,1245,2024-01-03,ARC-A1325,ANGLO EASTERN INDUSTRIES FZE,,Multicolor,RINSHAD T K,2132.5,0.0,2132.5,106.63,2024-01-03,SAMSHEER,CASH,,MCJ,div_0556003793,man_2128340233,party_1221976580
CSI20,1259,2024-01-03,ARC-W0021,WALK IN - MCJ,,Multicolor,MANZOOR ,55.0,0.0,55.0,2.75,2024-01-03,SAMSHEER,CASH,,MCJ,div_0556003793,man_1167757235,party_0984764295
CSI20,1246,2024-01-03,ARC-W0021,WALK IN - MCJ,,Multicolor,SHAFI,210.0,0.0,210.0,10.5,2024-01-03,SAMSHEER,CASH,,MCJ,div_0556003793,man_1461566380,party_0984764295
CSI20,1250,2024-01-03,ARC-W0021,WALK IN - MCJ,,Multicolor,MANZOOR ,1596.0,0.0,1596.0,79.8,2024-01-03,SAMSHEER,CASH,,MCJ,div_0556003793,man_1167757235,party_0984764295
CSI20,1248,2024-01-03,ARC-D0153,DREAM TOUCH GENERAL MAINTENANCE L.L.C,,Multicolor,SAFEER M,240.0,0.0,240.0,12.0,2024-01-03,RISHAD C,CASH,,MCJ,div_0556003793,man_1859775013,party_0953335795
CSI20,1251,2024-01-03,ARC-W0021,WALK IN - MCJ,,Multicolor,SAFEER M,330.0,0.0,330.0,16.5,2024-01-03,RISHAD C,CASH,,MCJ,div_0556003793,man_1859775013,party_0984764295
CSI20,1249,2024-01-03,ARC-W0021,WALK IN - MCJ,,Multicolor,SAMSHEER ,430.0,0.0,430.0,21.5,2024-01-03,SAMSHEER,CASH,,MCJ,div_0556003793,man_1994684813,party_0984764295
CSI40,1032,2024-01-03,ARC-W0024,WALK IN - BR2,,Branch 2,ABDUL SATHAR,833.0,0.0,833.0,41.65,2024-01-03,SHAJAHAN M,CASH,,Branch 2,div_0097926054,man_0427457728,party_2060039225
CSI10,1105,2024-01-03,ARC-W0022,WALK IN - MUS SHOP,,Musaffah Shop,AKTAR HOSSAIN,860.0,0.0,860.0,43.0,2024-01-03,BILAL,CASH,,HO,div_2006915470,man_0900539661,party_0832930093
CSI10,1124,2024-01-03,ARC-O0079,OSUS ALHAYA GENERAL CONTRACTING L.L.C,,Musaffah Shop,NASSAR,1756.0,0.0,1756.0,87.82,2024-01-03,NASSAR,CASH,,HO,div_2006915470,man_0864799156,party_1561994174
CSI20,1252,2024-01-03,ARC-A0505,AL HARAM AL DHAHBI PAINTING WORKS EST.,,Multicolor,SHAFI,2860.0,0.0,2860.0,143.0,2024-01-03,SAMSHEER,CASH,,MCJ,div_0556003793,man_1461566380,party_0902510966
CSI20,1258,2024-01-03,ARC-Y1582,YAS INTERNATIONAL PROPERTY,,Multicolor,JAFEER ,605.0,0.0,605.0,30.25,2024-01-03,RISHAD C,CASH,,MCJ,div_0556003793,man_1683097300,party_1655751892
CSI20,1253,2024-01-03,ARC-N0145,NOJOOM AL KIFAH GENERAL CONTRACTING,,Multicolor,SAMSHEER ,225.0,0.0,225.0,11.25,2024-01-03,SAMSHEER,CASH,,MCJ,div_0556003793,man_1994684813,party_1112928051
CSI20,1254,2024-01-03,ARC-C0145,COMMANDER GENERAL CONTRACTING - SOLE PROPRIETORSHIP L.L.C.,,Multicolor,SAMSHEER ,900.0,0.0,900.0,45.0,2024-01-03,SAMSHEER,CASH,,MCJ,div_0556003793,man_1994684813,party_0250286206
SI30,1006,2024-01-03,AR-N0016,NEW QAMAR AL HUDA TRADING L.L.C. AL QOUZ,NEW030124,Sharjah,ZAMEER ,1375.0,0.0,1375.0,68.75,2024-01-03,ZAINUDHEEN,CREDIT,DUBAI,Sharjah,div_1742449716,man_1964161347,party_0873847648
CSI10,1106,2024-01-03,ARC-W0022,WALK IN - MUS SHOP,,Musaffah Shop,AKTAR HOSSAIN,202.0,7.1,194.9,9.74,2024-01-03,KEA,CASH,,HO,div_2006915470,man_0900539661,party_0832930093
CSI20,1255,2024-01-03,ARC-W0021,WALK IN - MCJ,,Multicolor,MANZOOR ,61.0,0.0,61.0,3.05,2024-01-03,SAMSHEER,CASH,,MCJ,div_0556003793,man_1167757235,party_0984764295
CSI20,1257,2024-01-03,ARC-M1641,METAL TECH,,Multicolor,SANOOP,60.0,0.0,60.0,3.0,2024-01-03,SAFEER M,CASH,,MCJ,div_0556003793,man_0264100041,party_1221989213
CSI20,1256,2024-01-03,ARC-W0021,WALK IN - MCJ,,Multicolor,MANZOOR ,676.0,0.0,676.0,33.8,2024-01-03,SAMSHEER,CASH,,MCJ,div_0556003793,man_1167757235,party_0984764295
CSI10,1107,2024-01-03,ARC-J1591,JABRA HARDWARE TRADING - SOLE PROPRIETORSHIP L.L.C.,,Musaffah Shop,FAISAL,71.0,0.0,71.0,3.55,2024-01-03,ABBAS,CASH,,HO,div_2006915470,man_1993412060,party_0187174748
CSI20,1261,2024-01-03,ARC-C0142,COLOURS ADVERTISING AGENCY,,Multicolor,SAFEER M,40.0,0.0,40.0,2.0,2024-01-03,SAFEER M,CASH,,MCJ,div_0556003793,man_1859775013,party_1724149608
SI30,1007,2024-01-03,AR-P0002,PANACHE BUILDING MATERIALS TRADING,PANACHE030124,Sharjah,ZAMEER ,1300.0,0.0,1300.0,65.0,2024-01-03,ZAINUDHEEN,CREDIT,DUBAI,Sharjah,div_1742449716,man_1964161347,party_1301533184
CSI20,1274,2024-01-03,ARC-S0127,SARDARJI GENERAL CONTRACTING LLC,,Multicolor,JAFEER ,210.0,0.0,210.0,10.5,2024-01-03,RISHAD C,CASH,,MCJ,div_0556003793,man_1683097300,party_1598924956
SI30,1008,2024-01-03,AR-A0078,AL DASHTI BUILDING MATERIALS L.L.C.,DASHTI030124,Sharjah,ZAMEER ,1606.0,0.0,1606.0,80.3,2024-01-03,ZAINUDHEEN,CREDIT,DUBAI,Sharjah,div_1742449716,man_1964161347,party_0032733798
CSI20,1260,2024-01-03,ARC-K0095,KASRAWAN FOR BUILDING CONSTRUCTION LLC,,Multicolor,MANZOOR ,230.0,0.0,230.0,11.5,2024-01-03,SAMSHEER,CASH,,MCJ,div_0556003793,man_1167757235,party_0608303457
CSI20,1262,2024-01-03,ARC-A1843,AFAMINA TECHNICAL WORKS LLC,,Multicolor,SANOOP,352.5,0.0,352.5,17.63,2024-01-03,SAMSHEER,CASH,,MCJ,div_0556003793,man_0264100041,party_1411791780
SI30,1009,2024-01-03,AR-B0007,BANANI ELECTRICAL & SANITARY WARE TRD.,BANANI030124,Sharjah,ZAMEER ,1650.0,0.0,1650.0,82.5,2024-01-03,ZAINUDHEEN,CREDIT,SHARJAH,Sharjah,div_1742449716,man_1964161347,party_0786078986
CSI20,1263,2024-01-03,ARC-W0021,WALK IN - MCJ,,Multicolor,SAFEER M,115.0,0.0,115.0,5.75,2024-01-03,SAFEER M,CASH,,MCJ,div_0556003793,man_1859775013,party_0984764295
CSI40,1033,2024-01-03,ARC-R0005,R K MATICS GENERAL CONTRACTING AND MAINTENANCE,,Branch 2,RINSHAD M U,26.5,0.0,26.5,1.34,2024-01-03,RINSHAD MU,CASH,,Branch 2,div_0097926054,man_0298694519,party_2002417106
CSI40,1034,2024-01-03,ARC-A1549,ARABIAN CONTRACTING ADVANCED CO LLC,,Branch 2,RASHID ,168.6,0.0,168.6,8.43,2024-01-03,RASHID,CASH,,Branch 2,div_0097926054,man_0256316879,party_0806752506
CSI20,1264,2024-01-03,ARC-A1536,AL RAWAFID ENGINEERING AND CONTRACTING L.L.C.,,Multicolor,SHAHID ,1140.0,0.0,1140.0,57.0,2024-01-03,SAMSHEER,CASH,,MCJ,div_0556003793,man_1995826233,party_1621205050
OSI10,1034,2024-01-03,AR-B0027,BIN NASSER HARDWARE TRDG.CO.LLC,2024-28,Musaffah Shop,ABDUL SATHAR,1788.0,0.0,1788.0,89.4,2024-01-22,ASHKAR,CREDIT,ABU DHABI,HO,div_2006915470,man_0427457728,party_0562782783
OSI10,1035,2024-01-03,AR-P0009,PIONEER ELECTRICALS AND BUILDING MATERIALS LLC,240103-A,Musaffah Shop,ABDUL SATHAR,2472.0,0.0,2472.0,123.6,2024-01-22,ASHKAR,CREDIT,ABU DHABI,HO,div_2006915470,man_0427457728,party_1815341216
OSI10,1037,2024-01-03,AR-L0009,LIGHT ZONE ELECTRICALS,LZPO24/17,Musaffah Shop,ABDUL SATHAR,320.0,0.0,320.0,16.0,2024-01-22,ASHKAR,CREDIT,ABU DHABI,HO,div_2006915470,man_0427457728,party_0692725682
CSI10,1108,2024-01-03,ARC-W0022,WALK IN - MUS SHOP,,Musaffah Shop,AKTAR HOSSAIN,1.5,0.01,1.49,0.07,2024-01-03,KEA,CASH,,HO,div_2006915470,man_0900539661,party_0832930093
OSI10,1038,2024-01-03,AR-Y0002,YOUNG LIFE BUILDING MATERIALS - L.L.C - O.P.C,1636,Musaffah Shop,ABDUL SATHAR,660.0,0.0,660.0,33.0,2024-01-22,ASHKAR,CREDIT,ABU DHABI,HO,div_2006915470,man_0427457728,party_1238708972
CSI20,1265,2024-01-03,ARC-M0159,MECHLERIC MEP SOLUTIONS CONTRACTING,,Multicolor,SANOOP,164.0,0.0,164.0,8.2,2024-01-03,SAFEER M,CASH,,MCJ,div_0556003793,man_0264100041,party_0930052719
OSI10,1039,2024-01-03,AR-H0025,HYDRO SANITARY WARE TRADING,21706,Musaffah Shop,ABDUL SATHAR,2450.0,0.0,2450.0,122.5,2024-01-22,ASHKAR,CREDIT,ABU DHABI,HO,div_2006915470,man_0427457728,party_1980650262
CSI20,1267,2024-01-03,ARC-G1615,Good Will Building Materials,,Multicolor,SAFEER M,240.0,0.0,240.0,12.0,2024-01-03,SAFEER M,CASH,,MCJ,div_0556003793,man_1859775013,party_0716635554
CSI20,1266,2024-01-03,ARC-F0197,FORT BUILDING MATERIALS,PO2306444,Multicolor,SAMSHEER ,19800.0,0.0,19800.0,990.0,2024-01-03,SAMSHEER,CASH,,MCJ,div_0556003793,man_1994684813,party_0765383594
CSI10,1109,2024-01-03,ARC-W0022,WALK IN - MUS SHOP,,Musaffah Shop,AKTAR HOSSAIN,18.0,0.0,18.0,0.9,2024-01-03,KEA,CASH,,HO,div_2006915470,man_0900539661,party_0832930093
CSI20,1268,2024-01-03,ARC-W0021,WALK IN - MCJ,,Multicolor,SANOOP,110.0,0.0,110.0,5.5,2024-01-03,SAMSHEER,CASH,,MCJ,div_0556003793,man_0264100041,party_0984764295
CSI20,1269,2024-01-03,ARC-A1391,ARCH AND ART ADEVRTISING BOARDSL.L.C.,,Multicolor,MANZOOR ,170.0,0.0,170.0,8.5,2024-01-03,SAMSHEER,CASH,,MCJ,div_0556003793,man_1167757235,party_0276683257
OSI10,1043,2024-01-03,AR-A0260,ASIA STAR LOCK TRADING ABUDHABI,,Musaffah Shop,ABDUL SATHAR,1080.0,0.0,1080.0,54.0,2024-01-22,ASHKAR,CREDIT,ABU DHABI,HO,div_2006915470,man_0427457728,party_0798829140
CSI20,1271,2024-01-03,ARC-W0021,WALK IN - MCJ,,Multicolor,NISHAD T,1475.0,0.0,1475.0,73.75,2024-01-03,SAMSHEER,CASH,,MCJ,div_0556003793,man_1830493139,party_0984764295
CSI10,1122,2024-01-03,ARC-O0079,OSUS ALHAYA GENERAL CONTRACTING L.L.C,,Musaffah Shop,NASSAR,1063.5,0.0,1063.5,53.18,2024-01-03,NASSAR,CASH,,HO,div_2006915470,man_0864799156,party_1561994174
CSI20,1270,2024-01-03,ARC-Z0046,ZUBLIN CONSTRUCTION LLC,,Multicolor,SHAFI,180.0,0.0,180.0,9.0,2024-01-03,SAFEER M,CASH,,MCJ,div_0556003793,man_1461566380,party_1479778496
CSI10,1110,2024-01-03,ARC-W0022,WALK IN - MUS SHOP,,Musaffah Shop,SUNDARAN ,96.0,0.0,96.0,4.8,2024-01-03,BILAL,CASH,,HO,div_2006915470,man_0622657813,party_0832930093
CSI20,1272,2024-01-03,ARC-A1533,AL NIMIR AL ASFAR,,Multicolor,MANZOOR ,150.0,0.0,150.0,7.5,2024-01-03,SAMSHEER,CASH,,MCJ,div_0556003793,man_1167757235,party_0037738068
OSI10,1076,2024-01-03,AR-A0054,AL AIN GENERAL CONTRACTING,427192,Musaffah Shop,AJIMAL ,612.8,0.0,612.8,30.64,2024-01-23,ASHKAR,CREDIT,ABU DHABI,HO,div_2006915470,man_1437910147,party_0587272527
CSI10,1111,2024-01-03,ARC-W0022,WALK IN - MUS SHOP,,Musaffah Shop,AKTAR HOSSAIN,4.0,0.2,3.8,0.19,2024-01-03,KEA,CASH,,HO,div_2006915470,man_0900539661,party_0832930093
SI20,1003,2024-01-03,AR-R0040,RUKN AL GHUWAIR TR.,POD-RGPO/23/2520,Multicolor,RINSHAD T K,11100.0,0.0,11100.0,555.0,2024-01-03,RINSHAD TK,,,MCJ,div_0556003793,man_2128340233,party_1990521783
CSI20,1273,2024-01-03,ARC-W0021,WALK IN - MCJ,,Multicolor,NISHAD T,660.0,0.0,660.0,33.0,2024-01-03,SAMSHEER,CASH,,MCJ,div_0556003793,man_1830493139,party_0984764295
CSI20,1275,2024-01-03,ARC-F0197,FORT BUILDING MATERIALS,,Multicolor,SAMSHEER ,210.0,0.0,210.0,10.5,2024-01-03,SAMSHEER,CASH,,MCJ,div_0556003793,man_1994684813,party_0765383594
CSI20,1276,2024-01-03,ARC-E0146,EMIRATES PEARL PROPERTY LLC,,Multicolor,JAFEER ,40.0,0.0,40.0,2.0,2024-01-03,RISHAD C,CASH,,MCJ,div_0556003793,man_1683097300,party_0406390439
CSI20,1278,2024-01-03,ARC-G0284,GOLDEN GATE ALUMINIUM GLASS,,Multicolor,SAMSHEER ,240.0,0.0,240.0,12.0,2024-01-03,SAMSHEER,CASH,,MCJ,div_0556003793,man_1994684813,party_1925394711
CSI10,1112,2024-01-03,ARC-W0022,WALK IN - MUS SHOP,,Musaffah Shop,SUNDARAN ,28.0,0.4,27.6,1.38,2024-01-03,KEA,CASH,,HO,div_2006915470,man_0622657813,party_0832930093
CSI20,1277,2024-01-03,ARC-W0021,WALK IN - MCJ,,Multicolor,SHAHID ,658.0,0.0,658.0,32.9,2024-01-03,SAFEER M,CASH,,MCJ,div_0556003793,man_1995826233,party_0984764295
CSI40,1035,2024-01-03,ARC-D0155,DREAMS WORLD GENERAL CONTRACTING & REAL ESTATE LLC,,Branch 2,RINSHAD M U,871.6,0.0,871.6,43.59,2024-01-03,RINSHAD MU,CASH,,Branch 2,div_0097926054,man_0298694519,party_1304846193
CSI10,1113,2024-01-03,ARC-W0022,WALK IN - MUS SHOP,,Musaffah Shop,AKTAR HOSSAIN,54.5,0.23,54.27,2.71,2024-01-03,ABBAS,CASH,,HO,div_2006915470,man_0900539661,party_0832930093
OSI10,1080,2024-01-03,AR-R0032,ROVA INDUSTRIAL SUPPLY AND SERVICE LLC,,Musaffah Shop,AJIMAL ,9250.2,0.0,9250.2,462.53,2024-01-23,ASHKAR,,ABU DHABI,HO,div_2006915470,man_1437910147,party_0789092929
CSI20,1279,2024-01-03,ARC-S1650,STEP STONE GENERAL MAINTENANCE,,Multicolor,SHAFI,323.0,0.0,323.0,16.15,2024-01-03,SAFEER M,CASH,,MCJ,div_0556003793,man_1461566380,party_1528159844
CSI20,1280,2024-01-03,ARC-W0021,WALK IN - MCJ,,Multicolor,NISHAD T,104.0,0.0,104.0,5.2,2024-01-03,SAFEER M,CASH,,MCJ,div_0556003793,man_1830493139,party_0984764295
CSI20,1294,2024-01-03,ARC-Q0026,QUICK SERVICE ALUMINIUM & GLASS WORKS LLC OPC,,Multicolor,SAFEER M,9.5,0.0,9.5,0.48,2024-01-03,SAFEER M,CASH,,MCJ,div_0556003793,man_1859775013,party_1960371700
CSI10,1114,2024-01-03,ARC-S1645,SAFETY ELECTRICAL TRADING COMPANY WLL,,Musaffah Shop,AKTAR HOSSAIN,50.0,0.0,50.0,2.5,2024-01-03,NASSAR,CASH,ABU DHABI,HO,div_2006915470,man_0900539661,party_0281182567
CSI20,1281,2024-01-03,ARC-T0247,TRAVENCORE EQUIPMENT EST,,Multicolor,JAFEER ,2640.0,0.0,2640.0,132.0,2024-01-03,RISHAD C,CASH,,MCJ,div_0556003793,man_1683097300,party_1877402496
CSI20,1282,2024-01-03,ARC-S1652,SHUROOQ ABU DHABI PROPERTIES,,Multicolor,JAFEER ,345.0,0.0,345.0,17.25,2024-01-03,RISHAD C,CASH,,MCJ,div_0556003793,man_1683097300,party_0410965726
CSI10,1115,2024-01-03,ARC-G0020,GAMZH GENERAL CONTRACTING L LC,,Musaffah Shop,ABBAS ,255.0,0.0,255.0,12.75,2024-01-03,ABBAS,CASH,,HO,div_2006915470,man_1563038311,party_1802477455
CSI10,1116,2024-01-03,ARC-W0022,WALK IN - MUS SHOP,,Musaffah Shop,AKTAR HOSSAIN,860.0,0.0,860.0,43.0,2024-01-03,BILAL,CASH,,HO,div_2006915470,man_0900539661,party_0832930093
CSI10,1117,2024-01-03,ARC-G0134,GOLDEN MASTER TECH,,Musaffah Shop,FAISAL,125.0,0.0,125.0,6.25,2024-01-03,NASSAR,CASH,,HO,div_2006915470,man_1993412060,party_1934336580
CSI20,1283,2024-01-03,ARC-W0021,WALK IN - MCJ,,Multicolor,JAFEER ,596.0,0.0,596.0,29.8,2024-01-03,RISHAD C,CASH,,MCJ,div_0556003793,man_1683097300,party_0984764295
CSI10,1118,2024-01-03,ARC-W0022,WALK IN - MUS SHOP,,Musaffah Shop,NASSAR,52.0,0.0,52.0,2.6,2024-01-03,NASSAR,CASH,,HO,div_2006915470,man_0864799156,party_0832930093
CSI10,1119,2024-01-03,ARC-A1846,AL MARIAH CONSTRUCTION ENGINEERING,,Musaffah Shop,FAISAL,90.0,0.5,89.5,4.47,2024-01-03,NASSAR,CASH,,HO,div_2006915470,man_1993412060,party_2007242182
CSI10,1123,2024-01-03,ARC-W0022,WALK IN - MUS SHOP,,Musaffah Shop,AKTAR HOSSAIN,60.0,0.0,60.0,3.0,2024-01-03,AKTAR,CASH,,HO,div_2006915470,man_0900539661,party_0832930093
CSI20,1284,2024-01-03,ARC-W0021,WALK IN - MCJ,,Multicolor,JAFEER ,65.0,0.0,65.0,3.25,2024-01-03,RISHAD C,CASH,,MCJ,div_0556003793,man_1683097300,party_0984764295
CSI10,1120,2024-01-03,ARC-W0022,WALK IN - MUS SHOP,,Musaffah Shop,ABBAS ,25.0,0.0,25.0,1.25,2024-01-03,ABBAS,CASH,,HO,div_2006915470,man_1563038311,party_0832930093
CSI20,1285,2024-01-03,ARC-W0021,WALK IN - MCJ,,Multicolor,JAFEER ,36.0,0.0,36.0,1.8,2024-01-03,RISHAD C,CASH,,MCJ,div_0556003793,man_1683097300,party_0984764295
CSI10,1121,2024-01-03,ARC-W0022,WALK IN - MUS SHOP,,Musaffah Shop,NASSAR,35.0,0.0,35.0,1.75,2024-01-03,NASSAR,CASH,,HO,div_2006915470,man_0864799156,party_0832930093
CSI20,1286,2024-01-03,ARC-E1596,ETISALAT FACILITY MANAGEMENT,,Multicolor,SHAHID ,350.0,0.0,350.0,17.5,2024-01-03,SAFEER M,CASH,,MCJ,div_0556003793,man_1995826233,party_1292461835
CSI20,1287,2024-01-03,ARC-W0021,WALK IN - MCJ,,Multicolor,RISHAD C,922.0,0.0,922.0,46.1,2024-01-03,RISHAD C,CASH,,MCJ,div_0556003793,man_1841802797,party_0984764295
CSI20,1288,2024-01-03,ARC-M1642,MOHMMED RAFIQ SMART TECHNOLOGIES,,Multicolor,SHAFI,380.0,0.0,380.0,19.0,2024-01-03,SAFEER M,CASH,,MCJ,div_0556003793,man_1461566380,party_0681866161
CSI20,1289,2024-01-03,ARC-W0021,WALK IN - MCJ,,Multicolor,NISHAD T,411.0,0.0,411.0,20.55,2024-01-03,RISHAD C,CASH,,MCJ,div_0556003793,man_1830493139,party_0984764295
CSI20,1290,2024-01-03,ARC-A1550,ASYMPTOTE GENERAL CONTRACTING L.L.C.,,Multicolor,JAFEER ,352.0,0.0,352.0,17.6,2024-01-03,SAFEER M,CASH,,MCJ,div_0556003793,man_1683097300,party_1640894773
CSI20,1296,2024-01-03,ARC-A1350,AQUARIUM SEA FOOD RESTAURANT,,Multicolor,JAFEER ,325.0,0.0,325.0,16.25,2024-01-03,RISHAD C,CASH,,MCJ,div_0556003793,man_1683097300,party_1989812446
CSI20,1295,2024-01-03,ARC-A1466,ASQALAN CONSTRUCTION AND DEVELOPMENT LLC,,Multicolor,SAFEER M,2310.0,0.0,2310.0,115.5,2024-01-03,SAFEER M,CASH,,MCJ,div_0556003793,man_1859775013,party_0026782061
CSI20,1291,2024-01-03,ARC-W1590,WAFT TECHNICAL SUPPLIES LLC,,Multicolor,RISHAD C,914.0,0.0,914.0,45.7,2024-01-03,RISHAD C,CASH,,MCJ,div_0556003793,man_1841802797,party_1662158445
CSI20,1292,2024-01-03,ARC-Q0026,QUICK SERVICE ALUMINIUM & GLASS WORKS LLC OPC,,Multicolor,NISHAD T,530.0,0.0,530.0,26.5,2024-01-03,RISHAD C,CASH,,MCJ,div_0556003793,man_1830493139,party_1960371700
CSI20,1293,2024-01-03,ARC-W0021,WALK IN - MCJ,,Multicolor,SHAHID ,152.0,0.0,152.0,7.6,2024-01-03,RISHAD C,CASH,,MCJ,div_0556003793,man_1995826233,party_0984764295
CSI10,1125,2024-01-03,ARC-W0022,WALK IN - MUS SHOP,,Musaffah Shop,SUNDARAN ,48.0,0.0,48.0,2.4,2024-01-03,AKTAR,CASH,,HO,div_2006915470,man_0622657813,party_0832930093
CSI10,1126,2024-01-03,ARC-B0256,BUILDING ACTION CONTRACTING & GENERAL MAINTENANCE,,Musaffah Shop,FAISAL,805.0,0.0,805.0,40.25,2024-01-03,NASSAR,CASH,,HO,div_2006915470,man_1993412060,party_0255849244
CSI10,1127,2024-01-03,ARC-A0432,AL ETIBAR ELECTROMECHANICAL CONTRACTING L.L.C.,,Musaffah Shop,SUNDARAN ,159.0,0.0,159.0,7.95,2024-01-03,AKTAR,CASH,,HO,div_2006915470,man_0622657813,party_0572751279
CSI20,1300,2024-01-03,ARC-W0021,WALK IN - MCJ,,Multicolor,SANOOP,200.0,0.0,200.0,10.0,2024-01-03,RISHAD C,CASH,,MCJ,div_0556003793,man_0264100041,party_0984764295
CSI40,1036,2024-01-03,ARC-K0091,KHADAMAT SOLE PROPRIETORSHIP L.L.C,,Branch 2,SHAJAHAN ,204.0,0.0,204.0,10.2,2024-01-03,SHAJAHAN M,CASH,,Branch 2,div_0097926054,man_1937350786,party_1064460045
CSI40,1037,2024-01-03,ARC-S0569,SPMD SWIMMING POOLS TRADING LLC,,Branch 2,RASHID ,8448.0,0.0,8448.0,422.45,2024-01-03,RASHID,CREDIT,,Branch 2,div_0097926054,man_0256316879,party_0649845764
CSI20,1297,2024-01-03,ARC-Y1583,YORK GENERAL CONTRACTING LLC,,Multicolor,RISHAD C,605.0,0.0,605.0,30.25,2024-01-03,RISHAD C,CASH,,MCJ,div_0556003793,man_1841802797,party_0004628644
CSI10,1128,2024-01-03,ARC-W0022,WALK IN - MUS SHOP,,Musaffah Shop,AKTAR HOSSAIN,35.0,0.0,35.0,1.75,2024-01-03,NASSAR,CASH,,HO,div_2006915470,man_0900539661,party_0832930093
CSI40,1038,2024-01-03,ARC-C0238,CAPE GENERAL CONTRACTING,,Branch 2,HAMZA V,2808.0,0.0,2808.0,140.4,2024-01-03,HAMZA,CASH,,Branch 2,div_0097926054,man_0843606315,party_1935512390
CSI10,1129,2024-01-03,ARC-H0046,HAMAD SUHAIL AL KHAILY EST,,Musaffah Shop,FAISAL,410.5,1.04,409.46,20.46,2024-01-03,FAISAL,CASH,,HO,div_2006915470,man_1993412060,party_2078420398
CSI10,1132,2024-01-03,ARC-P0083,PILLIXY CONTRACTING LLC,,Musaffah Shop,NASSAR,250.0,0.0,250.0,12.5,2024-01-03,NASSAR,CASH,,HO,div_2006915470,man_0864799156,party_1533963631
CSI10,1130,2024-01-03,ARC-H1602,HEIRS OF LATE HADI HAMAD HUWAREB AL MANSOURI,,Musaffah Shop,ABBAS ,206.0,0.0,206.0,10.3,2024-01-03,ABBAS,CASH,,HO,div_2006915470,man_1563038311,party_0101534404
CSI10,1131,2024-01-03,ARC-H1602,HEIRS OF LATE HADI HAMAD HUWAREB AL MANSOURI,,Musaffah Shop,ABBAS ,153.0,0.0,153.0,7.65,2024-01-03,ABBAS,CASH,,HO,div_2006915470,man_1563038311,party_0101534404
CSI10,1133,2024-01-03,ARC-H1602,HEIRS OF LATE HADI HAMAD HUWAREB AL MANSOURI,,Musaffah Shop,ABBAS ,890.0,0.0,890.0,44.5,2024-01-03,ABBAS,CASH,,HO,div_2006915470,man_1563038311,party_0101534404
CSI10,1138,2024-01-03,ARC-W0022,WALK IN - MUS SHOP,,Musaffah Shop,NASSAR,24.0,0.0,24.0,1.2,2024-01-03,NASSAR,CASH,,HO,div_2006915470,man_0864799156,party_0832930093
CSI10,1134,2024-01-03,ARC-H1602,HEIRS OF LATE HADI HAMAD HUWAREB AL MANSOURI,,Musaffah Shop,ABBAS ,5866.25,0.0,5866.25,293.32,2024-01-03,ABBAS,CASH,,HO,div_2006915470,man_1563038311,party_0101534404
CSI10,1136,2024-01-03,ARC-W0022,WALK IN - MUS SHOP,,Musaffah Shop,ABBAS ,290.0,0.0,290.0,14.5,2024-01-03,ABBAS,CASH,,HO,div_2006915470,man_1563038311,party_0832930093
CSI20,1299,2024-01-03,ARC-S0072,SAKNAFTA EGYPT PETROLEUM SERVICES ABU DHABI,,Multicolor,RISHAD C,1148.0,0.0,1148.0,57.4,2024-01-03,RISHAD C,CASH,,MCJ,div_0556003793,man_1841802797,party_0259627953
CSI20,1298,2024-01-03,ARC-O0042,ONMARK INTERNATIONAL,,Multicolor,RISHAD C,550.0,0.0,550.0,27.5,2024-01-03,RISHAD C,CASH,,MCJ,div_0556003793,man_1841802797,party_0936905916
CSI10,1135,2024-01-03,ARC-H1602,HEIRS OF LATE HADI HAMAD HUWAREB AL MANSOURI,,Musaffah Shop,ABBAS ,298.2,0.0,298.2,14.91,2024-01-03,ABBAS,CASH,,HO,div_2006915470,man_1563038311,party_0101534404
CSI10,1137,2024-01-03,ARC-M0165,MEENA TECHNICAL SERVICES,,Musaffah Shop,ABBAS ,13.0,0.0,13.0,0.65,2024-01-03,ABBAS,CASH,,HO,div_2006915470,man_1563038311,party_1691758755
CSI20,1301,2024-01-03,ARC-H0047,HAMAD SUHAIL AL KHAILY ESTABLISHMENT,,Multicolor,SANOOP,260.0,0.0,260.0,13.0,2024-01-03,RISHAD C,CASH,,MCJ,div_0556003793,man_0264100041,party_1193311890
CSI10,1139,2024-01-03,ARC-L1596,LAND SPEC PROPERTY MANAGEMENT AND MAINTENANCE - SOLE PROPRIETORSHIP L.L.C.,,Musaffah Shop,FAISAL,238.5,0.44,238.06,11.9,2024-01-03,FAISAL,CASH,,HO,div_2006915470,man_1993412060,party_1580435688
CSI10,1140,2024-01-03,ARC-M0335,MORGANTI MAINTANANCE AND FACILITIES MANAGEMENT SERVICES-S.P,,Musaffah Shop,FAISAL,365.0,0.0,365.0,18.25,2024-01-03,FAISAL,CASH,,HO,div_2006915470,man_1993412060,party_0451611894
CSI20,1302,2024-01-03,ARC-O0012,OCEAN MARINE EQUIPMENT & FISHING REQUISITES COMPANY,,Multicolor,RISHAD C,525.0,0.0,525.0,26.25,2024-01-03,RISHAD C,CASH,,MCJ,div_0556003793,man_1841802797,party_0376431749
CSI10,1141,2024-01-03,ARC-S0080,SALEM AL MASKARI GENERAL TRANSPORTING ESTABISHMENT,,Musaffah Shop,FAISAL,40.25,0.0,40.25,2.02,2024-01-03,FAISAL,CASH,,HO,div_2006915470,man_1993412060,party_0312354838
CSI20,1303,2024-01-03,ARC-W0021,WALK IN - MCJ,,Multicolor,RISHAD C,170.0,0.0,170.0,8.5,2024-01-03,RISHAD C,CASH,,MCJ,div_0556003793,man_1841802797,party_0984764295
CSI20,1304,2024-01-03,ARC-W0021,WALK IN - MCJ,,Multicolor,RISHAD C,188.0,0.0,188.0,9.4,2024-01-03,RISHAD C,CASH,,MCJ,div_0556003793,man_1841802797,party_0984764295
CSRT10,1003,2024-01-03,ARC-S0080,SALEM AL MASKARI GENERAL TRANSPORTING ESTABISHMENT,,Musaffah Shop,FAISAL,-1156.5,-0.34,-1156.16,-57.81,2024-01-03,KEA,CASH,,HO,div_2006915470,man_1993412060,party_0312354838
CSI40,1039,2024-01-03,ARC-J0068,JAMES L. WILLIAMS MIDDLE EAST LIMITED,,Branch 2,SHAJAHAN ,973.68,0.0,973.68,48.68,2024-01-03,SHAJAHAN M,CASH,,Branch 2,div_0097926054,man_1937350786,party_0323881982
CSI20,1305,2024-01-03,ARC-S1653,SECURE ELECTROMECHANICAL EQUIPMENT,,Multicolor,RISHAD C,690.0,0.0,690.0,34.5,2024-01-03,RISHAD C,CASH,,MCJ,div_0556003793,man_1841802797,party_1672616616
CSI20,1306,2024-01-03,ARC-L1597,LAND SPEC PROPERTY MANAGEMENT AND MAINTENANCE-SOLE PROPRIETORSHIP LLC,,Multicolor,SANOOP,98.0,0.0,98.0,4.9,2024-01-03,RISHAD C,CASH,,MCJ,div_0556003793,man_0264100041,party_1135898680
CSI20,1307,2024-01-03,ARC-W0021,WALK IN - MCJ,,Multicolor,RISHAD C,182.0,0.0,182.0,9.1,2024-01-03,RISHAD C,CASH,,MCJ,div_0556003793,man_1841802797,party_0984764295
CSI20,1308,2024-01-03,ARC-A1473,ASTREA TECHNICAL SERVICES LLC,,Multicolor,RISHAD C,75.0,0.0,75.0,3.75,2024-01-03,RISHAD C,CASH,,MCJ,div_0556003793,man_1841802797,party_0669660105
CSI20,1309,2024-01-03,ARC-W0021,WALK IN - MCJ,,Multicolor,RISHAD C,143.0,0.0,143.0,7.15,2024-01-03,RISHAD C,CASH,,MCJ,div_0556003793,man_1841802797,party_0984764295
CSRT40,1001,2024-01-03,ARC-W0024,WALK IN - BR2,,Branch 2,RASHID ,-146.0,0.0,-146.0,-7.3,2024-01-03,RASHID,CREDIT,,Branch 2,div_0097926054,man_0256316879,party_2060039225
CSI20,1310,2024-01-03,ARC-S0015,SABHA ADVERTISING COMPANY L.L.C.,,Multicolor,NISHAD T,1020.0,0.0,1020.0,51.0,2024-01-03,RISHAD C,CASH,,MCJ,div_0556003793,man_1830493139,party_1669792974
CSI20,1311,2024-01-03,ARC-A1849,AL AQEEL CARPENTRY,,Multicolor,RISHAD C,110.0,0.0,110.0,5.5,2024-01-03,RISHAD C,CASH,,MCJ,div_0556003793,man_1841802797,party_0598399626
CSI10,1142,2024-01-03,ARC-U0014,UNICORN MEDICALS LLC,,Musaffah Shop,FAISAL,48.0,0.41,47.59,2.37,2024-01-03,NASSAR,CASH,Dubhai,HO,div_2006915470,man_1993412060,party_0949048111
CSI20,1312,2024-01-03,ARC-W0021,WALK IN - MCJ,,Multicolor,NISHAD T,346.5,0.0,346.5,17.33,2024-01-03,RISHAD C,CASH,,MCJ,div_0556003793,man_1830493139,party_0984764295
CSI10,1143,2024-01-03,ARC-R0200,ROYAL GARDENS AGRICULTURAL CONTRACTING LLC,,Musaffah Shop,FAISAL,60.0,0.0,60.0,3.0,2024-01-03,NASSAR,CASH,,HO,div_2006915470,man_1993412060,party_0535613573
CSI20,1313,2024-01-03,ARC-G0284,GOLDEN GATE ALUMINIUM GLASS,,Multicolor,RISHAD C,60.0,0.0,60.0,3.0,2024-01-03,RISHAD C,CASH,,MCJ,div_0556003793,man_1841802797,party_1925394711
CSI10,1144,2024-01-03,ARC-W0022,WALK IN - MUS SHOP,,Musaffah Shop,NASSAR,350.0,0.0,350.0,17.5,2024-01-03,NASSAR,CASH,,HO,div_2006915470,man_0864799156,party_0832930093
CSI20,1314,2024-01-03,ARC-E1591,EMIRATES TECHNICAL & SAFETY DEVELOPMENT CENTRE L.L.C,,Multicolor,RINSHAD T K,270.0,0.0,270.0,13.5,2024-01-03,RISHAD C,CASH,,MCJ,div_0556003793,man_2128340233,party_1104139473
CSI20,1315,2024-01-03,ARC-W0021,WALK IN - MCJ,,Multicolor,NISHAD T,570.0,0.0,570.0,28.5,2024-01-03,RISHAD C,CASH,,MCJ,div_0556003793,man_1830493139,party_0984764295
CSI10,1145,2024-01-03,ARC-S1583,STEVE HARDWARE TRADING LLC,,Musaffah Shop,FAISAL,6322.5,0.63,6321.87,316.1,2024-01-03,NASSAR,CASH,ABU DHABI,HO,div_2006915470,man_1993412060,party_0548065530
CSI20,1316,2024-01-03,ARC-W0021,WALK IN - MCJ,,Multicolor,RISHAD C,190.0,0.0,190.0,9.5,2024-01-03,RISHAD C,CASH,,MCJ,div_0556003793,man_1841802797,party_0984764295
CSI20,1317,2024-01-03,ARC-A1466,ASQALAN CONSTRUCTION AND DEVELOPMENT LLC,,Multicolor,NISHAD T,440.0,0.0,440.0,22.0,2024-01-03,RISHAD C,CASH,,MCJ,div_0556003793,man_1830493139,party_0026782061
CSI40,1040,2024-01-03,ARC-H0100,HEAVEN GENERAL CONTRACTING L.L.C.,,Branch 2,SHAJAHAN ,70.0,0.0,70.0,3.5,2024-01-03,SHAJAHAN M,CASH,,Branch 2,div_0097926054,man_1937350786,party_1026213623
CSI20,1318,2024-01-03,ARC-W0021,WALK IN - MCJ,,Multicolor,SANOOP,115.0,0.0,115.0,5.75,2024-01-03,SAMSHEER,CASH,,MCJ,div_0556003793,man_0264100041,party_0984764295
CSI20,1319,2024-01-03,ARC-C0239,CARLOS PAINTING,,Multicolor,MANZOOR ,450.0,0.0,450.0,22.5,2024-01-03,SAMSHEER,CASH,,MCJ,div_0556003793,man_1167757235,party_1179908599
CSI20,1320,2024-01-03,ARC-S1654,Solar Steel General Trading LLC,,Multicolor,SANOOP,35.0,0.0,35.0,1.75,2024-01-03,SAMSHEER,CASH,,MCJ,div_0556003793,man_0264100041,party_1451995292
CSI20,1321,2024-01-03,ARC-W0021,WALK IN - MCJ,,Multicolor,SANOOP,240.0,0.0,240.0,12.0,2024-01-03,SAMSHEER,CASH,,MCJ,div_0556003793,man_0264100041,party_0984764295
OSI10,1419,2024-01-03,AR-A0243,AQUA DYNAMIC ELECTROMECHANICAL LLC,ADE-2024-184,Musaffah Shop,MAHAROOF ,846.0,0.0,846.0,42.3,2024-02-21,ASHKAR,CREDIT,ABU DHABI,HO,div_2006915470,man_1666262237,party_1559874750
CSI10,1146,2024-01-03,ARC-A1450,ASHTAR INTERNATIONAL CONTRACTING & GENERAL MAINTENANCE L.L.,,Musaffah Shop,NASSAR,140.0,0.0,140.0,7.0,2024-01-03,NASSAR,CASH,,HO,div_2006915470,man_0864799156,party_0621175537
CSI20,56078,2024-12-09,ARC-W0021,WALK IN - MCJ,,Multicolor,JAFEER ,220.0,0.0,220.0,11.0,2024-12-09,SAMSHEER,CASH,,MCJ,div_0556003793,man_1683097300,party_0984764295
CSI40,1041,2024-01-03,ARC-Z1581,ZAYED HIGHER ORGANIZATION,,Branch 2,SHAJAHAN ,730.0,0.0,730.0,36.5,2024-01-03,SHAJAHAN M,CASH,ABU DHABI,Branch 2,div_0097926054,man_1937350786,party_1865345889
CSI20,1322,2024-01-03,ARC-R0104,REGAL ELECTRICAL TRADING,,Multicolor,SAMSHEER ,1250.0,0.0,1250.0,62.5,2024-01-03,SAMSHEER,CASH,ABU DHABI,MCJ,div_0556003793,man_1994684813,party_0588245733
CSI20,1323,2024-01-03,ARC-W1591,WELLTECH ELECTRO MECHANICAL,,Multicolor,RISHAD C,330.0,0.0,330.0,16.5,2024-01-03,SAMSHEER,CASH,,MCJ,div_0556003793,man_1841802797,party_0803430136
CSI10,1147,2024-01-03,ARC-W0022,WALK IN - MUS SHOP,,Musaffah Shop,AKTAR HOSSAIN,90.0,0.0,90.0,4.5,2024-01-03,SUNDARAN,CASH,,HO,div_2006915470,man_0900539661,party_0832930093
CSI10,1148,2024-01-03,ARC-W0022,WALK IN - MUS SHOP,,Musaffah Shop,NASSAR,35.0,0.0,35.0,1.75,2024-01-03,NASSAR,CASH,,HO,div_2006915470,man_0864799156,party_0832930093
SI40,1006,2024-01-03,AR-B0022,BMQ TECHNICAL SUPPLIES COMPANY - L.L.C,PO/BMQ/2024/4063,Branch 2,ABDUL SATHAR,920.0,0.0,920.0,46.0,2024-01-22,ASHKAR,CREDIT,,Branch 2,div_0097926054,man_0427457728,party_0372937441
CSI10,1149,2024-01-03,ARC-W0022,WALK IN - MUS SHOP,,Musaffah Shop,FAISAL,270.0,0.5,269.5,13.48,2024-01-03,NASSAR,CASH,,HO,div_2006915470,man_1993412060,party_0832930093
OSI10,1157,2024-01-03,AR-A0243,AQUA DYNAMIC ELECTROMECHANICAL LLC,.,Musaffah Shop,MAHAROOF ,217.5,0.0,217.5,10.88,2024-02-02,ASHKAR,CREDIT,ABU DHABI,HO,div_2006915470,man_1666262237,party_1559874750
CSI10,1150,2024-01-03,ARC-W0022,WALK IN - MUS SHOP,,Musaffah Shop,FAISAL,17.0,0.0,17.0,0.85,2024-01-03,NASSAR,CASH,,HO,div_2006915470,man_1993412060,party_0832930093
OSI10,1162,2024-01-03,AR-T0006,TANK LINE COMPANY LLC,,Musaffah Shop,MAHAROOF ,1772.5,0.0,1772.5,88.63,2024-02-02,ASHKAR,CREDIT,,HO,div_2006915470,man_1666262237,party_0914118120
CSI20,1324,2024-01-03,ARC-G0002,G D B INTERIORS & GENERAL CONTRACTING AND MAINTENANCE L.L.C,,Multicolor,SAMSHEER ,40.0,0.0,40.0,2.0,2024-01-03,SAMSHEER,CASH,,MCJ,div_0556003793,man_1994684813,party_1942207507
CSI40,1042,2024-01-03,ARC-M0033,MADAR EMIRATES CONTRACTING & GENERAL MAINTENANCE,,Branch 2,HAMZA V,300.0,0.0,300.0,15.0,2024-01-03,RINSHAD MU,CASH,,Branch 2,div_0097926054,man_0843606315,party_1197533066
CSI10,1151,2024-01-03,ARC-T1587,TEAM TECHNICAL EQUIPMENT LLC,,Musaffah Shop,AKTAR HOSSAIN,155.0,0.0,155.0,7.75,2024-01-03,BILAL,CASH,ABU DHABI,HO,div_2006915470,man_0900539661,party_0935359728
CSI20,1325,2024-01-03,ARC-W0021,WALK IN - MCJ,,Multicolor,NISHAD T,655.0,0.0,655.0,32.75,2024-01-03,SAMSHEER,CASH,,MCJ,div_0556003793,man_1830493139,party_0984764295
OSI10,1171,2024-01-03,AR-U0003,UNITED ALSAQER GROUP LLC,ASPM-228702,Musaffah Shop,ANSAR ,218.0,0.0,218.0,10.9,2024-02-02,ASHKAR,CREDIT,ABU DHABI,HO,div_2006915470,man_0731228032,party_1164750062
CSI20,1326,2024-01-03,ARC-T1615,TECHNOS ELECTRO-MECHANICAL L.L.C.,,Multicolor,SAMSHEER ,150.0,0.0,150.0,7.5,2024-01-03,SAMSHEER,CASH,,MCJ,div_0556003793,man_1994684813,party_1375867947
SI20,1004,2024-01-03,AR-A0238,APEX TRADING CO.W.L.L,POH0025,Multicolor,RINSHAD T K,2520.0,0.0,2520.0,126.0,2024-01-03,RINSHAD TK,,ABU DHABI,MCJ,div_0556003793,man_2128340233,party_0462097991
CSI20,1327,2024-01-03,ARC-F0139,FORCE.10.UAE,,Multicolor,SAMSHEER ,56.0,0.0,56.0,2.8,2024-01-03,SAMSHEER,CASH,ABUDHABI,MCJ,div_0556003793,man_1994684813,party_1650473027
CSI20,1328,2024-01-03,ARC-W0021,WALK IN - MCJ,,Multicolor,SAMSHEER ,33.75,0.0,33.75,1.69,2024-01-03,SAMSHEER,CASH,,MCJ,div_0556003793,man_1994684813,party_0984764295
CSI40,1043,2024-01-03,ARC-C0180,COOL LINE GENERAL MAINTENANCE EST,,Branch 2,RINSHAD M U,175.0,0.0,175.0,8.75,2024-01-03,RINSHAD MU,CASH,,Branch 2,div_0097926054,man_0298694519,party_2056876478
CSI10,1152,2024-01-03,ARC-A0087,ABU DHABI FIBERGLASS FACTORY L.L.C,,Musaffah Shop,SUNDARAN ,10.0,0.5,9.5,0.48,2024-01-03,KEA,CASH,,HO,div_2006915470,man_0622657813,party_1846873613
CSI10,1153,2024-01-03,ARC-B1623,BAIT AL AELA GENERAL CONSTRUCTIONS L.L.C,,Musaffah Shop,AKTAR HOSSAIN,1438.6,0.0,1438.6,71.94,2024-01-03,BILAL,CASH,,HO,div_2006915470,man_0900539661,party_1636942492
CSI20,1329,2024-01-03,ARC-Y1584,YORK AIR CONDITIONING & REF.,,Multicolor,SHAFI,455.0,0.0,455.0,22.75,2024-01-03,SAMSHEER,CASH,,MCJ,div_0556003793,man_1461566380,party_1087801045
CSI20,1330,2024-01-03,ARC-W0021,WALK IN - MCJ,,Multicolor,MANZOOR ,210.0,0.0,210.0,10.5,2024-01-03,SAMSHEER,CASH,,MCJ,div_0556003793,man_1167757235,party_0984764295
CSI20,1331,2024-01-03,ARC-J1592,JAVA TECH GENERAL TRADING SOLE PROPRITORSHIP LLC,,Multicolor,SAMSHEER ,550.0,0.0,550.0,27.5,2024-01-03,SAMSHEER,CASH,,MCJ,div_0556003793,man_1994684813,party_2100881539
CSI20,1332,2024-01-03,ARC-B1624,"BARAKA MUBARAK AWADH PLOT NO-401 SECTOR-MZ1,ZAYED CITY AUH",,Multicolor,SHAFI,590.0,0.0,590.0,29.5,2024-01-03,SAMSHEER,,,MCJ,div_0556003793,man_1461566380,party_1424750251
CSI20,1333,2024-01-03,ARC-F0197,FORT BUILDING MATERIALS,PO240082,Multicolor,SAMSHEER ,185.0,0.0,185.0,9.25,2024-01-03,SAMSHEER,CASH,,MCJ,div_0556003793,man_1994684813,party_0765383594
CSI20,1334,2024-01-03,ARC-A1852,ALLWAY TECHNICAL SERVICES CONTRACTING CO .LLC,,Multicolor,SAMSHEER ,20.0,0.0,20.0,1.0,2024-01-03,SAMSHEER,CASH,,MCJ,div_0556003793,man_1994684813,party_0364224469
CSI20,1335,2024-01-03,ARC-F1599,Fensys Middle East Doors & Windows L.L.C.,,Multicolor,SAMSHEER ,275.0,0.0,275.0,13.75,2024-01-03,SAMSHEER,CASH,,MCJ,div_0556003793,man_1994684813,party_0523070777
SI30,1010,2024-01-03,AR-B0035,BRIDGE WAY TRADING LLC,BRIDGE030124,Sharjah,ZAMEER ,430.0,0.0,430.0,21.5,2024-01-03,ZAINUDHEEN,CREDIT,DUBAI,Sharjah,div_1742449716,man_1964161347,party_0144052211
CSI20,1337,2024-01-03,ARC-P1601,POWER INTERNATIONAL A/C MAINTENANCE & ELECTRICAL & SANITARY INSTALLATIONS,,Multicolor,SHAHID ,70.0,0.0,70.0,3.5,2024-01-03,SAMSHEER,CASH,,MCJ,div_0556003793,man_1995826233,party_2075516765
CSI40,1044,2024-01-03,ARC-A1759,AL ABRAH TRADING COMPANY LLC,,Branch 2,ABDUL SATHAR,1275.0,0.0,1275.0,63.75,2024-01-03,RINSHAD MU,CASH,,Branch 2,div_0097926054,man_0427457728,party_1836080613
CSI20,1336,2024-01-03,ARC-W0021,WALK IN - MCJ,,Multicolor,SHAHID ,335.0,0.0,335.0,16.75,2024-01-03,SAMSHEER,CASH,,MCJ,div_0556003793,man_1995826233,party_0984764295
CSI10,1154,2024-01-03,ARC-W0022,WALK IN - MUS SHOP,,Musaffah Shop,ABBAS ,20.5,0.0,20.5,1.03,2024-01-03,ABBAS,CASH,,HO,div_2006915470,man_1563038311,party_0832930093
CSI20,1338,2024-01-03,ARC-W0021,WALK IN - MCJ,,Multicolor,BAJU ,222.5,0.0,222.5,11.13,2024-01-03,SAMSHEER,CASH,,MCJ,div_0556003793,man_1108579223,party_0984764295
CSRT10,1004,2024-01-03,ARC-W0022,WALK IN - MUS SHOP,,Musaffah Shop,NASSAR,-76.5,0.0,-76.5,-3.83,2024-01-03,KEA,CASH,,HO,div_2006915470,man_0864799156,party_0832930093
CSI20,1339,2024-01-03,ARC-B0206,BONYAN ALKHALIJ AL MOTATAWERAH GEN CONT,,Multicolor,SAMSHEER ,1235.0,0.0,1235.0,61.75,2024-01-03,SAMSHEER,CASH,,MCJ,div_0556003793,man_1994684813,party_1356557270
CSI10,1155,2024-01-03,ARC-W0022,WALK IN - MUS SHOP,,Musaffah Shop,ABBAS ,43.0,0.0,43.0,2.15,2024-01-03,ABBAS,CASH,,HO,div_2006915470,man_1563038311,party_0832930093
CSI20,1340,2024-01-03,ARC-W0021,WALK IN - MCJ,,Multicolor,SAMSHEER ,155.0,0.0,155.0,7.75,2024-01-03,SAMSHEER,CASH,,MCJ,div_0556003793,man_1994684813,party_0984764295
CSI20,1341,2024-01-03,ARC-U0047,URBAN SCAPE,,Multicolor,SHAFI,1290.0,0.0,1290.0,64.5,2024-01-03,SAMSHEER,CASH,,MCJ,div_0556003793,man_1461566380,party_1603446994
SI20,1005,2024-01-03,AR-E0031,EXPERT GENERAL TRADING L.L.C,EXP23-24442,Multicolor,RINSHAD T K,2100.0,0.0,2100.0,105.0,2024-01-03,RINSHAD TK,,,MCJ,div_0556003793,man_2128340233,party_0332871789
SI20,1006,2024-01-03,AR-H0025,HYDRO SANITARY WARE TRADING,,Multicolor,ABDUL SATHAR,2185.0,0.0,2185.0,109.25,2024-01-03,RINSHAD TK,,ABU DHABI,MCJ,div_0556003793,man_0427457728,party_1980650262
SI20,1007,2024-01-03,AR-B0028,BIN SAGHAIRY TRADING CO.LLC,,Multicolor,ABDUL SATHAR,590.0,0.0,590.0,29.5,2024-01-03,RINSHAD TK,,ABU DHABI,MCJ,div_0556003793,man_0427457728,party_1046264958
SI20,1008,2024-01-03,AR-O0005,OHIO GENERAL CONTRACTING L.L.C.,OGC23-P1351,Multicolor,RINSHAD T K,2750.0,0.0,2750.0,137.5,2024-01-03,RINSHAD TK,,ABU DHABI,MCJ,div_0556003793,man_2128340233,party_1312662211
CSI40,1045,2024-01-03,ARC-W0024,WALK IN - BR2,,Branch 2,SHANTHANU ,96.0,0.0,96.0,4.8,2024-01-03,RASHID,CASH,,Branch 2,div_0097926054,man_1286476406,party_2060039225
CSI40,1046,2024-01-03,ARC-Y0011,YASSIN AL HAMMADI GENERAL MAINTENANCE,,Branch 2,RASHID ,3212.5,20.88,3191.62,159.59,2024-01-03,RINSHAD MU,CREDIT,,Branch 2,div_0097926054,man_0256316879,party_1031834016
CSI20,1342,2024-01-03,ARC-A1533,AL NIMIR AL ASFAR,,Multicolor,MANZOOR ,2660.0,0.0,2660.0,133.0,2024-01-03,SAMSHEER,CASH,,MCJ,div_0556003793,man_1167757235,party_0037738068
CSRT10,1005,2024-01-03,ARC-W0022,WALK IN - MUS SHOP,,Musaffah Shop,SUNDARAN ,-48.0,0.0,-48.0,-2.4,2024-01-03,KEA,CASH,,HO,div_2006915470,man_0622657813,party_0832930093
CSI10,1156,2024-01-03,ARC-W0022,WALK IN - MUS SHOP,,Musaffah Shop,AKTAR HOSSAIN,41.0,0.0,41.0,2.05,2024-01-03,SUNDARAN,CASH,,HO,div_2006915470,man_0900539661,party_0832930093
CSI20,1343,2024-01-03,ARC-U0054,URUK GENERAL CONTRACTING & MAINT LLC,,Multicolor,SAFEER M,109.0,0.0,109.0,5.45,2024-01-03,SAMSHEER,CASH,,MCJ,div_0556003793,man_1859775013,party_1193901279
CSI20,1344,2024-01-03,ARC-W0021,WALK IN - MCJ,,Multicolor,BAJU ,300.0,0.0,300.0,15.0,2024-01-03,SAMSHEER,CASH,,MCJ,div_0556003793,man_1108579223,party_0984764295
CSI10,1157,2024-01-03,ARC-W0022,WALK IN - MUS SHOP,,Musaffah Shop,AKTAR HOSSAIN,98.0,0.0,98.0,4.9,2024-01-03,BILAL,CASH,,HO,div_2006915470,man_0900539661,party_0832930093
CSI20,1345,2024-01-03,ARC-C0239,CARLOS PAINTING,,Multicolor,SAMSHEER ,236.0,0.8,235.2,11.76,2024-01-03,SAMSHEER,CASH,,MCJ,div_0556003793,man_1994684813,party_1179908599
CSI20,1347,2024-01-03,ARC-C1602,CASA BIANCO BUILDING MATERIALS LLC,,Multicolor,SHAFI,605.0,0.0,605.0,30.25,2024-01-03,SAMSHEER,CASH,,MCJ,div_0556003793,man_1461566380,party_1254158120
CSI20,1346,2024-01-03,ARC-W0086,WHITE COLOR PAINTING WORKS,,Multicolor,SHAFI,325.0,0.0,325.0,16.25,2024-01-03,SAFEER M,CASH,,MCJ,div_0556003793,man_1461566380,party_0279625398
CSRT10,1006,2024-01-03,ARC-W0022,WALK IN - MUS SHOP,,Musaffah Shop,FAISAL,-450.0,0.0,-450.0,-22.5,2024-01-03,BILAL,CASH,,HO,div_2006915470,man_1993412060,party_0832930093
CSI20,1348,2024-01-03,ARC-T1612,TOOLS LAND TRADING COMPANY L.L.C,,Multicolor,SAFEER M,240.0,0.0,240.0,12.0,2024-01-03,SAFEER M,CASH,ABU DHABI,MCJ,div_0556003793,man_1859775013,party_0115272290
CSI20,1349,2024-01-03,ARC-O1594,OMER,,Multicolor,SHAHID ,2195.0,0.0,2195.0,109.75,2024-01-03,SAFEER M,CASH,,MCJ,div_0556003793,man_1995826233,party_1555178932
CSI10,1158,2024-01-03,ARC-W0022,WALK IN - MUS SHOP,,Musaffah Shop,SUNDARAN ,38.1,0.0,38.1,1.91,2024-01-03,SUNDARAN,CASH,,HO,div_2006915470,man_0622657813,party_0832930093
CSI10,1160,2024-01-03,ARC-W0022,WALK IN - MUS SHOP,,Musaffah Shop,AKTAR HOSSAIN,15.0,0.75,14.25,0.71,2024-01-03,SUNDARAN,CASH,,HO,div_2006915470,man_0900539661,party_0832930093
CSI10,1159,2024-01-03,ARC-B0256,BUILDING ACTION CONTRACTING & GENERAL MAINTENANCE,,Musaffah Shop,ABBAS ,43.0,0.0,43.0,2.15,2024-01-03,ABBAS,CASH,,HO,div_2006915470,man_1563038311,party_0255849244
CSI20,1350,2024-01-03,ARC-W0021,WALK IN - MCJ,,Multicolor,MANZOOR ,5.0,0.25,4.75,0.24,2024-01-03,SAMSHEER,CASH,,MCJ,div_0556003793,man_1167757235,party_0984764295
CSI20,1351,2024-01-04,ARC-W0021,WALK IN - MCJ,,Multicolor,SAMSHEER ,186.0,0.0,186.0,9.3,2024-01-04,SAMSHEER,CASH,,MCJ,div_0556003793,man_1994684813,party_0984764295
CSI20,1352,2024-01-04,ARC-S0566,SIX SIGMA MIDDLE EAST CONSTRUCTIONS LLC,,Multicolor,SAMSHEER ,10.0,0.0,10.0,0.5,2024-01-04,SAMSHEER,CASH,,MCJ,div_0556003793,man_1994684813,party_1294257330
CSI20,1353,2024-01-04,ARC-C0145,COMMANDER GENERAL CONTRACTING - SOLE PROPRIETORSHIP L.L.C.,,Multicolor,SAMSHEER ,435.0,0.0,435.0,21.75,2024-01-04,SAMSHEER,CASH,,MCJ,div_0556003793,man_1994684813,party_0250286206
CSI20,1355,2024-01-04,ARC-W0021,WALK IN - MCJ,,Multicolor,SAMSHEER ,504.0,0.0,504.0,25.2,2024-01-04,SAMSHEER,CASH,,MCJ,div_0556003793,man_1994684813,party_0984764295
CSI20,1354,2024-01-04,ARC-W0021,WALK IN - MCJ,,Multicolor,RISHAD C,24.0,0.0,24.0,1.2,2024-01-04,RISHAD C,CASH,,MCJ,div_0556003793,man_1841802797,party_0984764295
CSI20,1361,2024-01-04,ARC-W0021,WALK IN - MCJ,,Multicolor,RISHAD C,205.0,0.0,205.0,10.25,2024-01-04,RISHAD C,CASH,,MCJ,div_0556003793,man_1841802797,party_0984764295
CSI20,1356,2024-01-04,ARC-W0021,WALK IN - MCJ,,Multicolor,SAMSHEER ,5.0,0.25,4.75,0.24,2024-01-04,SAMSHEER,CASH,,MCJ,div_0556003793,man_1994684813,party_0984764295
CSI20,1357,2024-01-04,ARC-T0176,TIRANA GENERAL CONTRACTING L.L.C.,,Multicolor,SAMSHEER ,330.0,0.0,330.0,16.5,2024-01-04,SAMSHEER,CASH,,MCJ,div_0556003793,man_1994684813,party_0550663179
CSI20,1358,2024-01-04,ARC-W0021,WALK IN - MCJ,,Multicolor,BAJU ,115.0,0.0,115.0,5.75,2024-01-04,SAMSHEER,CASH,,MCJ,div_0556003793,man_1108579223,party_0984764295
CSI40,1047,2024-01-04,ARC-S0567,SKILLED BUILDERS GENERAL CONTRACTING L.L.C,,Branch 2,RASHID ,2598.0,0.0,2598.0,129.9,2024-01-04,RASHID,CREDIT,,Branch 2,div_0097926054,man_0256316879,party_1195908893
CSI20,1359,2024-01-04,ARC-O1596,ORIENT CARPENTRY WORKS,,Multicolor,SAMSHEER ,572.0,0.0,572.0,28.6,2024-01-04,SAMSHEER,CASH,,MCJ,div_0556003793,man_1994684813,party_1020623037
CSI20,1360,2024-01-04,ARC-T0259,TRIRATNA GENERAL MAINTENANCE AND DECOR L.L.C.,,Multicolor,SAMSHEER ,240.0,0.0,240.0,12.0,2024-01-04,SAMSHEER,CASH,,MCJ,div_0556003793,man_1994684813,party_2129238651
CSI20,1362,2024-01-04,ARC-R1617,REIGN REAL ESTATE LLC,,Multicolor,SANOOP,118.0,0.0,118.0,5.9,2024-01-04,SAMSHEER,CASH,,MCJ,div_0556003793,man_0264100041,party_0883278983
CSI20,1363,2024-01-04,ARC-T0259,TRIRATNA GENERAL MAINTENANCE AND DECOR L.L.C.,,Multicolor,SAMSHEER ,120.0,0.0,120.0,6.0,2024-01-04,SAMSHEER,CASH,,MCJ,div_0556003793,man_1994684813,party_2129238651
CSI10,1161,2024-01-04,ARC-W0022,WALK IN - MUS SHOP,,Musaffah Shop,AKTAR HOSSAIN,886.75,1.1,885.65,44.3,2024-01-04,FAISAL,CASH,,HO,div_2006915470,man_0900539661,party_0832930093
CSI20,1365,2024-01-04,ARC-W0021,WALK IN - MCJ,,Multicolor,SHAFI,321.0,0.0,321.0,16.05,2024-01-04,RISHAD C,CASH,,MCJ,div_0556003793,man_1461566380,party_0984764295
CSI20,1364,2024-01-04,ARC-W0021,WALK IN - MCJ,,Multicolor,SHAHID ,66.0,0.0,66.0,3.3,2024-01-04,RISHAD C,CASH,,MCJ,div_0556003793,man_1995826233,party_0984764295
CSI10,1163,2024-01-04,ARC-W0022,WALK IN - MUS SHOP,,Musaffah Shop,FAISAL,9.0,0.0,9.0,0.45,2024-01-04,FAISAL,CASH,,HO,div_2006915470,man_1993412060,party_0832930093
CSI20,1366,2024-01-04,ARC-A1530,AL MANHAJ GENERAL MAINTENANCE,,Multicolor,SHAHID ,432.0,0.0,432.0,21.6,2024-01-04,SAMSHEER,CASH,,MCJ,div_0556003793,man_1995826233,party_0434811731
CSI20,1367,2024-01-04,ARC-S0538,SUPREME STAR PAINTING,,Multicolor,SHAFI,1270.0,0.0,1270.0,63.5,2024-01-04,SAMSHEER,CASH,,MCJ,div_0556003793,man_1461566380,party_1258988377
CSI20,1369,2024-01-04,ARC-W0021,WALK IN - MCJ,,Multicolor,SAMSHEER ,76.0,0.0,76.0,3.8,2024-01-04,SAMSHEER,CASH,,MCJ,div_0556003793,man_1994684813,party_0984764295
CSI10,1162,2024-01-04,ARC-W0022,WALK IN - MUS SHOP,,Musaffah Shop,NASSAR,145.0,0.0,145.0,7.25,2024-01-04,KEA,CASH,,HO,div_2006915470,man_0864799156,party_0832930093
CSI10,1164,2024-01-04,ARC-M1643,MOHAMMED SOHEL MOTOR WINDING & TURNING WORKSHOP L.L.C,,Musaffah Shop,AKTAR HOSSAIN,992.0,0.0,992.0,49.6,2024-01-04,AKTAR,CASH,,HO,div_2006915470,man_0900539661,party_1049633557
CSI20,1368,2024-01-04,ARC-W0021,WALK IN - MCJ,,Multicolor,SHAFI,150.0,0.0,150.0,7.5,2024-01-04,SAMSHEER,CASH,,MCJ,div_0556003793,man_1461566380,party_0984764295
CSI20,1370,2024-01-04,ARC-W0021,WALK IN - MCJ,,Multicolor,SHAFI,290.0,0.0,290.0,14.5,2024-01-04,SAMSHEER,CASH,,MCJ,div_0556003793,man_1461566380,party_0984764295
CSI20,1371,2024-01-04,ARC-M0270,MODULAR GENERAL CONTRACTING L.L.C.,,Multicolor,NISHAD T,150.0,0.0,150.0,7.5,2024-01-04,SAMSHEER,CASH,,MCJ,div_0556003793,man_1830493139,party_1334407904
CSI20,1372,2024-01-04,ARC-W0021,WALK IN - MCJ,,Multicolor,SANOOP,425.0,0.0,425.0,21.25,2024-01-04,SAMSHEER,CASH,,MCJ,div_0556003793,man_0264100041,party_0984764295
CSI20,1373,2024-01-04,ARC-A0063,ABIR AL SHAM CONTRACTING & GENERAL MAINTENANCE L.L.C,,Multicolor,NISHAD T,100.0,0.0,100.0,5.0,2024-01-04,SAMSHEER,CASH,,MCJ,div_0556003793,man_1830493139,party_1361363164
CSI20,1374,2024-01-04,ARC-A1834,Al Taif Building Materials Co.W L L,,Multicolor,SHAFI,195.0,0.0,195.0,9.75,2024-01-04,SAMSHEER,CASH,,MCJ,div_0556003793,man_1461566380,party_1419565995
CSI20,1375,2024-01-04,ARC-A1563,Altron Smart Technology Services L.L.C,,Multicolor,BAJU ,220.0,0.0,220.0,11.0,2024-01-04,SAMSHEER,CASH,,MCJ,div_0556003793,man_1108579223,party_1678641200
CSI20,1376,2024-01-04,ARC-W0021,WALK IN - MCJ,,Multicolor,SHAHID ,475.0,0.0,475.0,23.75,2024-01-04,SAMSHEER,CASH,,MCJ,div_0556003793,man_1995826233,party_0984764295
CSI20,1377,2024-01-04,ARC-Z1583,ZAWAYA DARAJ TECHINCAL SERVICES,,Multicolor,SHAHID ,82.0,0.0,82.0,4.1,2024-01-04,SAMSHEER,CASH,,MCJ,div_0556003793,man_1995826233,party_1188904793
CSI20,1378,2024-01-04,ARC-A1855,ARCHITAL GENERAL CONTRACTING AND INTERIOR DECORATION,,Multicolor,SHAFI,1545.0,0.0,1545.0,77.25,2024-01-04,SAMSHEER,CASH,,MCJ,div_0556003793,man_1461566380,party_0860426564
CSI10,1165,2024-01-04,ARC-A1688,AFREEN BUILDING MATERIALS TRADING CO. LLC,,Musaffah Shop,FAISAL,84.0,0.0,84.0,4.2,2024-01-04,AKTAR,CASH,ABU DHABI,HO,div_2006915470,man_1993412060,party_1134539709
CSI20,1380,2024-01-04,ARC-W0021,WALK IN - MCJ,,Multicolor,SANOOP,115.0,0.0,115.0,5.75,2024-01-04,SAMSHEER,CASH,,MCJ,div_0556003793,man_0264100041,party_0984764295
CSI20,1379,2024-01-04,ARC-W0021,WALK IN - MCJ,,Multicolor,MANZOOR ,160.0,0.0,160.0,8.0,2024-01-04,SAMSHEER,CASH,,MCJ,div_0556003793,man_1167757235,party_0984764295
CSI20,1383,2024-01-04,ARC-W0021,WALK IN - MCJ,,Multicolor,SAMSHEER ,1963.0,0.0,1963.0,98.15,2024-01-04,SAMSHEER,CASH,,MCJ,div_0556003793,man_1994684813,party_0984764295
CSI10,1196,2024-01-04,ARC-W0022,WALK IN - MUS SHOP,,Musaffah Shop,SUNDARAN ,36.8,0.0,36.8,1.84,2024-01-04,AKTAR,CASH,,HO,div_2006915470,man_0622657813,party_0832930093
CSI20,1381,2024-01-04,ARC-W0021,WALK IN - MCJ,,Multicolor,SAMSHEER ,19.0,0.0,19.0,0.95,2024-01-04,SAMSHEER,CASH,,MCJ,div_0556003793,man_1994684813,party_0984764295
CSI20,1382,2024-01-04,ARC-W0021,WALK IN - MCJ,,Multicolor,MANZOOR ,350.0,0.0,350.0,17.5,2024-01-04,SAFEER M,CASH,,MCJ,div_0556003793,man_1167757235,party_0984764295
CSI10,1166,2024-01-04,ARC-W0022,WALK IN - MUS SHOP,,Musaffah Shop,SUNDARAN ,8.1,0.0,8.1,0.41,2024-01-04,KEA,CASH,,HO,div_2006915470,man_0622657813,party_0832930093
CSRT10,1007,2024-01-04,ARC-W0022,WALK IN - MUS SHOP,,Musaffah Shop,NASSAR,-162.0,0.0,-162.0,-8.1,2024-01-04,SHAMEER,CASH,,HO,div_2006915470,man_0864799156,party_0832930093
CSI10,1167,2024-01-04,ARC-W0022,WALK IN - MUS SHOP,,Musaffah Shop,NASSAR,98.0,0.0,98.0,4.9,2024-01-04,NASSAR,CASH,,HO,div_2006915470,man_0864799156,party_0832930093
CSI20,1384,2024-01-04,ARC-W0021,WALK IN - MCJ,,Multicolor,BAJU ,154.0,0.0,154.0,7.7,2024-01-04,SAMSHEER,CASH,,MCJ,div_0556003793,man_1108579223,party_0984764295
CSI20,1385,2024-01-04,ARC-W0021,WALK IN - MCJ,,Multicolor,RISHAD C,100.0,0.0,100.0,5.0,2024-01-04,SAMSHEER,CASH,,MCJ,div_0556003793,man_1841802797,party_0984764295
CSI40,1048,2024-01-04,ARC-E0082,ELMA ELECTROMECHANICAL CO. (LLC),,Branch 2,RINSHAD M U,60.0,0.0,60.0,3.0,2024-01-04,RINSHAD MU,CASH,,Branch 2,div_0097926054,man_0298694519,party_0064047485
